,comment,sentiment
0, The US needed to get involved to protect Americans and prevent even a bigger war from spreading. And giving that region peace.,1
1, It was done with good behind those actions.,1
2, Not going to war would show the world that we accept terrorism.,1
3," Generally, American military intervention is something I support. However, why is this even on the list of most controversial topics? The Iran-Iraq War ended decades ago.",1
4," The Iranian Regieme is the root of all of Earth's problems and why we can't have World Peace. Houthis,Assad,HezbulShaytan etc. Are all Iranian thugs and terrorists and need to be taken down. Saddam Hussien also fought to free Ahwazi Arabs and Sunnis who Suffer in Iran. Iran is a sick,evil,disgusting and sadistic nation because of their regieme. Iran hates Islam,Arabs, and any thing good.",1
5," I was against going into Iraq, for Bombing Iran.",1
6," It didn't turn out well, but the intentions were good, and hopefully we will learn from our mistakes.",1
7," The terrorists must be eliminated, however long it takes. People's lives are not worth letting the terrorists live.",1
8, You mean the war between Iran and Iraq? Well... It's hard to say who I root for. Saddam was part of the Ba'athist party which I support. However he never followed Ba'athist ideology how it was supposed to be applied which is why I supported the Syrian Ba'athist party over the Iraqi one. ,1
9, This war helped weaken both Iraq and Iran. Overall it benefitted the United States. It would be good to fuel another war between the two nations and supply both sides to make it long and hard for both of them.,1
10, A terrible war with terrible results.,1
11," Progressivism (my ideology) goes against this sort of stuff. And for the sake of not being a hypocrite, I intent to stick by this belief.",0
12," Iraq had nothing to do with 9/11. Al Qaeda attacked us, not Saddam Hussein. The whole invasion in 2003 was totally pointless.",0
13, Intervention only made the problem a whole lost worse,0
14, Incorrect motivations and even placement.,0
15, The war itself was stupid and the U.S intervention was equally unnecessary. Instead of looking at the issue in terms of morality they looked at both countries and viewed Iraq as the most beneficial to themselves and sided with them based on this. These acts were selfish and ultimately contributed to civilian casualty numbers and overall death statistics for all those that were involved.,0
16, Who is pro this?,0
17, Chaos in the Middle East!,0
18, Once again our country is pushing their nose in the business of separate country conflicts. We need to mind our own business and stop causing the trouble and drama and damage to our military for not reason. And for false assumptions - which took place with weaponry.,0
19, It was just silly to hear such lies!!!,0
20, Voluntary ,1
21," Only for certain responsibilities. Giving them too much power will only lead to a corporate exodus. I am not for unions that force you into them nor do I approve of unions making employers spend like crazy on pensions, insurance etc... Doing so will screw them over in the end. Either by automation or outsourcing.",1
22," Keeps a fair balance between the employee and employer, just don't give them too much power/",1
23, Essential part of any capitalist free market economy.,1
24, Workers need to have some clout against their employers.,1
25, Overall let them have a labor union....,1
26," Only really in the case of the teacher's unions am I opposed. However, people have the right to voluntarily create unions. That being said, a person shouldn't have to join a union to get a job where that person wants.",1
27, Employer-employee relationships are asymmetrical. With very few exceptions the employer has the upper hand and unions help to give workers some weight.,1
28," A union, a government, or something, is needed to prevent workers from being exploited.",1
29," I mean they shouldn't get special rights, they are good in many cases and workers should have the right to unionize.",1
30," Labor Unions were good during their time... And maybe someday again... But all they are right now are bullies. That, and they only care about earning your money, not about you.",1
31, Unions? No.,0
32," I'm not totally against labour unions. In theory, they work. But I'm definitely against the idea of having to join one. Seriously? Why should you be forced to join one if you don't want to? Also, I know that I said that I'm not totally against them, but there is an issue that I have with them: they require all workers to be treated equally, regardless of competence. Shouldn't employers be able to fire incompetent workers and keep competent workers?",0
33, Started with good intentions but is no longer needed.,0
34," Yield far too much power, and needs to have it limited and removed. Right-to-Work legislation accomplishes this goal and solidifies the rights of workers in choosing to join a union.",0
35, Many labor unions are corrupt. Employees should not have to pay union fees.,0
36," I worked under a union once. ONCE. They were the sole reason I quit my job. They took over $1,000 a year from me (I'm currently going through high school. So $1,000 is a big chunk of my annual earnings). In return, I got nothing. No representation, no sick pay, no nothing. All the ""benefits"" they claimed to give me were provincially mandated labour laws anyways (which means I would have gotten the same treatment if I worked at any business in Manitoba, unionized or not). When I complained to my representative, he said that I could get my union dues back on a scholarship when I go to university. But the catch is it can only be in a program I have no interest in going into AND it had a maximum of $2,000. By the time I would have graduated, I would have given the union $4,000 . Yeah, thanks for the help guys. As well, all my coworkers at the union job were lazy as all hell. The working conditions at my non-union job are 1000x better than they ever were under a union.",0
37," A wonderful social idea in theory but it's application is wholly inadequate for a capital economy. Though one cant deny the fundamental changes to ""work"" that unions have brought about.I believe there are better ways to reach those goals. Since I believe most of what exists of unions today is a despicable example of human greed, I could never fully support the idea.",0
38," Pro for volunteering in a union, Con for being forced to join.",0
39, dont like unions at all,0
40, Dat,1
41," Doing so would allow for protections on prostitutes and how they conducted business, thus removing the black market stigma that it has developed from being illegal. Legalize it to safely regulate and oversee the practice instead of keeping it in the dark. It is an issue that we must deal with, and in a safe way",1
42," No woman (or man) WANTS to be a prostitute. Their position is dictated by their necessity. Until our economic woes and poor education system are solved, it is necessary to protect those who have no other option besides prostitution, rather than condemn them to an overcrowded prison system, STDs, and abuse. This issue is one of the few things that doesn't hurt my inner progressive, because I don't consider it immoral.",1
43," As long as both parties consent to what will happen together, and the prostitute makes the client aware of any sexual diseases they have, this should be fully legal because anyone should have the right to do what they want with their body.",1
44," The majority of STDs are contracted by non-prostitutes. Prostitutes practice safe sex more often than the general population and are often more knowledgeable about sexual health. They can educate people about sexual health and safe sex. Criminalizing prostitution forces sex workers to work underground, making them more susceptible to crime and violence. The government can also tax earnings and regulate prostitution (i.e. no children in the sex business). Prostitution is also an alternative to trafficking and child trafficking.",1
45," I'm no fan of prostitution, but no one can prohibit what consenting adults do behind closed doors (and hopefully thick walls.)",1
46," It should be legal because even if it's illegal it's going to happen anyways. Inherently when it happens the prostitutes and exposed to pimps, violent customers and disease. If we legalize it we we can protect the prostitutes and customers while we shut down the pimps. The economy could also capitalize off having prostitution as an industry.",1
47," Absolutely. It should be a regulated industry, but why not allow people to do this? Seems entirely reasonable to me.",1
48, It's a victimless crime.,1
49," I don't like prostitution. (What kind of person does?) But then again, if someone makes that decision, it's their backside to catch, not mine.",1
50," Some jobs, like Prostitution, are too underground to be allowed. How do you make sure they used a condom? Secretive jobs like those lead to dangerously secretive activities... They're like breeding grounds for prostitution rings and all that follows.",1
51," I don't necessarily believe prostitution should be criminalized. I checked ""Con/Against"" because I personally would not pay to have sex.",0
52, No comment,0
53, Why legalize it? It should stay illegal. As much as people need the money they put their bodies in danger to STDs.,0
54, Legalized prostitution would increase the human trafficking in the United States.,0
55, Prostitution is sick and wrong.,0
56," Ew, I don't what to see that in my city.",0
57, Why is this even on here? This should not even be a question.,0
58," CON,CON, CON!!!! It's disgusting!",0
59, The idea that making it legal will somehow fix problems with the spread of STD's or anything else is absurd. All that can come from promotion and legalization of this is pain.,0
60," Medicaid should be expanded, in lieu of having a single-payer healthcare system.",1
61, It's not Redistribution or Obamacare. It's help for the elderly and retired.,1
62," Having the government completely cover healthcare costs would quickly throw us into bankruptcy. However, letting people make themselves go bankrupt for MAJOR health problems or costs would create horrid inequality and actually lower healthcare acess for the poor. I sound socialist but IF I WAS then I would be calling for 100% coverage which is a bad idea.",1
63, We need this to help disadvantaged members of the community in terms of income. The most common examples used in this context are the elderly and generally those on low income.,1
64," The genuinely disadvantaged, if they need medical care, should have access to it. I know that as a libertarian it might seem odd that I'm a fan of Medicare, but I do agree that it should be scaled down to an extent.",1
65," Yes, but we should be working toward making them higher income rather than making them dependant.",1
66, Good and absolutely necessary.,1
67, Simply put Everyone deserves healthcare and this way is working,1
68," I believe in the preservation of medicaid and medicare, however, I do believe that some aspects of it need to be reformed.",1
69, Healthcare should be free.,1
70," under the current design it is readily and easily abused and taken advantage of, NOTHING IS FREE, we the tax payers not only pay for medicaid but for our own insurance which usually isn't as liberal as medicaid, meaning medicaid covers almost everything, far more than private insurance with no co-pays, anything government run is inefficient and wasteful.",1
71, Just socialize the healthcare system entirely. Single-payer system OP.,0
72, Poor policies like Obamacare.,0
73, We need a smaller government.,0
74, Fix the bigger problem which is the Healthcare system. Government intervention is why healthcare is expensive and of poor quality. We would be much better off with HSAs and a extremely limited Medicaid program,0
75," These programs, like all social programs, are unsustainable and cannot last.",0
76," These systems are inadequate. The idea behind them is solid, but the way they is being done currently is poor from a financial standpoint.",0
77, Not a matter to involve government guns in.,0
78, Universal health care is empirically proven to work. Even private health care is better than this bureacracy. Health one of those ticket issue that is probably better off not to be bought and sold.,0
79, Medicare: Allow retirees to choose their own health insurance plans.,0
80, legalize it period. I know people who smoked plenty of joints throughout their life and now have masters in medicine working at pharmacies. its not addictive and we are wasting too much time and money trying to keep it out of the United States. Just regulate it so the leaf stays natural (the best when its natural) and does not become a soup of toxic chemicals like tobacco has become (i.e. cigarettes),1
81," Time and time again, we see that Cannabis is being used for medical purposes and saving lives in the process. I smoke Cannabis for both recreational and medicinal purposes, myself. Marijuana has been falsely labeled as a gateway drug and faulty methods in previous research have been accepted as fact, simply for political purposes. The Controlled Substances Act of 1971 blatantly ignored the Shafer Report of 1971 that pleads for Marijuana to be excluded from the originating document due to the mass incarceration it could lead to. The war on drugs has been a losing battle against something that will exist regardless of what the laws say.",1
82," Marijuana, in essence, isn't much more severe than tobacco. I would advocate the legalization of marijuana for recreational usage as well as medical usage. It is clear that if it is used for medical purposes then it is benefiting somebody not resulting in the reaction that could be seen from when marijuana is used for recreational purposes.",1
83, Medical purposes.,1
84," More harmful drugs such as Tobacco and Alcohol are legal. Those drugs can actually KILL people. But marijuana has 0 deaths reported you cannot die from a marijuana overdose. It is a proven fact. So fine, keep it illegal, but then you have to make tobacco and alcohol illegal as well or you have no common sense.",1
85," As long as it is ONLY Medical, I don't have an issue with it!",1
86," As a proponent of recreational marijuana, medical marijuana is a logical tenet.",1
87," Interestingly enough, marijuana does a better job than pain killers, has less side effects, is less addictive and is cheaper, for medicinal purposes yes.",1
88," Eh, alright. I wouldn't want to use it though.",1
89, You may as well legalize the drug completely; it is too easy to cheat the medical marijuana system,1
90, Is like removing the cancer with a shovel. Rather it gets the job done kind of stops being the big issue at hand... Marijuana causes many cancers and kill absolutely none of them. It has a high addiction rate and does too much harm with too little good.,1
91, Why would we legalize it and make it easier for people to get their hands on it when there are safer and better alternatives out there in the medical field?,0
92," Nice try liberals! Marijuana is a dangerous drug, not medicine. In fact, the National Institute for Drug Abuse (N.I.D.A.), concluded that no sound scientific studies supported medical use of marijuana for treatment in the United States.",0
93," Drugs should be legalized or decriminalized properly. By telling people drugs are healthy, medical marijuana laws threaten public health.",0
94, Only as a last resort for pain treatment.,0
95," Marijuana should be legalized properly, not under some false pretense that smoking pot is medically useful.",0
96," You should be able to use extracts from marijuana, but not for any recreational purposes.",0
97," It started with wine and beer now Marijuana, what's next? ""Medical"" cocaine and heroin. The morals of soceity has fallen but those of us upon the truth(The Muslims) we are the strangers and we are the winners on The Day of Judgment and you are the losers because you sold heaven and a beautiful eternity for pure crap. Because that's all this stuff is, crap.",0
98, Ruthless addictive properties.,0
99, How about no drugs?,0
100, Sometimes the Military is needed. The Global economy is too fragile to let every nation loose without recoil.,1
101, Only as a LAST resort.,1
102, As a last resort.,1
103, I am for both military intervention and diplomacy.,1
104, Only when absolutely necisary,1
105," Occasionally, for non-altruistic reasons, against those governments or other actors which have initiated force.",1
106, In some cases it is justified. We should be more consistent and systematic about how we go about it.,1
107," Bosnia Korea are good examples. Just because it failed in some places, doesn't mean we need to stop altogether.",1
108," This should only be done if there is a very, very large scale problem.",1
109, I support freedom by force.,1
110, Military isolationism is preferable.,1
111, I'm,0
112," every time we intervene, greed gets in the way and we leave the country in a worse condition than before (Iraq, Afghanistan etc...) it is not an effective way to promote world peace.",0
113," Economic intervention is often far more effective than military intervention at accomplishing US policy goals. It protects the stability of regions, and helps slow the flood of anti-US sentiment. The Marshall Plan and the arms race did far more for advancing the cause of freedom than the Iran Contra or Vietnam ever did. The military should never be off the table, but it should be a last resort.",0
114, Unless the country that is at risk asks for it,0
115," The state was created to protect our natural rights. With this in mind, if a foreign state provides a clear and present danger to them (i.e., the existence of the state that protects these rights), military intervention can be justified. Overall though, I am not a fan of military intervention.",0
116, We are not the world's policeman.,0
117, Depends the situation.,0
118," We need peace, not war.",0
119, After all diplomatic situations have failed.,0
120," Minimum wage encourages higher pay, as a quick look at all countries show. But the encouragement ends at a certain height. After that, it doesn't encourage higher wages, and only encourages unemployment and automation. Basically, Minimum wage is good until a certain point.",1
121, As long as it does not hit $15/hr as of 2014.,1
122," According to the National Employment Law Project, jobs are created and lost in multiple industries and businesses every time the minimum wage is increased. So, the argument that jobs will be lost is irrelevant, especially since we can infer that both results will occur. However, increasing the minimum wage can give people a better standard of living and at the same time reduce employee training costs and employee turnover, which costs companies THOUSANDS all time. This money can be used to pay the bills far more efficiently if the minimum wage becomes a living wage.",1
123," If minimum wage is raised too high then you run the risk of inflation, if it is too low or not set at all then you begin to increase economic disparity, raising the minimum wage isn't an effective method of distributing wealth for the reasons mentioned above it would be better to focus on making more effective social programs so that a high minimum wage would not be necessary but yes a minimum wage is required to have a fair economic system.",1
124," You expose the poor to the poorest and worst working conditions and the lowest of incomes. Whilst it is true that companies are sometimes boycotted in these scenarios (see globalization), minor companies are not always investigated in the same depth. This can lead to companies underpaying workers whilst shoppers buy blindly. This can also lead to issues in other jobs as well as shops, that was only an example.",1
125," Yes, but it has to be determined on a state-by-state basis in accordance with their respective costs of living.",1
126," In the 1950s minimum wage was 1$, 24$ in today's money, it should be returned to this, but gradually too quickly would be detrimental.",1
127, Necessary to protect workers' rights to a decent standard of living for sufficient hours worked.,1
128, Everyone should start somewhere.,1
129," Income inequality is a wreck... Raise it to 10 dollars an hour, over a period of time. But we have to furthur examine the minimum wage increase and how it would effect Small Bussiness'. But if you work you deserve the basic standards of life",1
130, Implement EITC instead.,1
131, Minimum wage is for minimum skills.,0
132," If someone's an incompetent worker, then they should be paid less than a competent worker. I don't believe that the government (federal, state, or local) should regulate that. And while I oppose a minimum wage set by state or local governments, too, a minimum wage set by the federal government is especially bad, as it violates the 10th Amendment.",0
133," Seriously, it is supply and demand. If there are 50 workers available for a job type and you only need 1 or 2, chances are pay is going to be low. Now if there are 50 positons open (across several businesses) and you have 50 workers available, some of those businesses are going to offer more pay to ensure they have the best out of the 50 workers. Finally, if you have 50 workers and 100 jobs (across several businesses) you my friend will get lots of monies.",0
134," Businesses can't afford the higher wage it's required to pay, which, in turn, creates less jobs and no wages for people. Should be abolished.",0
135," No! Raising the minimum wage will increase unemployment, not create jobs. Get it right!",0
136," If setting up a minimum wage was such a great idea, we wouldn't keep debating about it 80 years after it was put into effect.",0
137, Shouldn't be raised. If it were raised it would make the ecomony go down.,0
138, Oh wait I do like the minimum wage. The lowest amount you should be able to pay someone should be whatever is in the contract you both signed oh snap. :P,0
139, Higher minimum wage would only make people replaceable.,0
140, Only if it can be afforded,1
141, Just look at the UK. We're doing extremely well and only the rich oppose this system.,1
142, Single-payer system OP.,1
143, free medical care for all,1
144, The government's job is to care the citizens. This is one way to do this.,1
145," Government should help it citizens with its money, not start 2 wars on the other side of the world.",1
146, I'd support it. Seems a hell of a lot better for most than the corporate variety.,1
147, Helping many Americans get health insurance. Would I prefer other health options? Yes but Obamacare works,1
148, Absolutely. Not having this violates people's right to life.,1
149," Medicine has come a long way. But with these advancements also came a steep increase in price tags. Nowadays, if someone was ever in a serious accident (whether or not it was their fault), they could be stuck with a medical bill in the hundreds of thousands - even millions - of dollars. Private insurance also isn't the answer, because private companies exist to make a profit. And they can't turn a profit if they constantly shell out for every claim they get. Even if it isn't 100% coverage, some sort of state insurance plan or safety net should exist to cover enormous bills.",1
150, Too expensive. It's better to regulate the healthcare industry to ensure accessibility and affordability.,1
151," Obama Care is a disaster. Every man is his own responsibility, except for children and the elderly. Bodily Autonomy also mean Bodily Responsibility. Your Right to Life is a negative right, it's your's to maintain.",0
152," The nation should not establish a single-payer system, or even a system like Obamacare.",0
153," If the government has to pay for it, it is not a right.",0
154," In the 1950s health care wasn't very expensive so people didn't need the government to pay their medical bill, I think that national health care is affirmative action, it is necessary at the moment, but we should be working toward making it unnecessary.",0
155," Obamacare? No way. It's not a tax, it's just a stupid plan.",0
156," I don't want the government taking control of my health. It's my body, and my choice. I acknowledge the benefits of national health care, and why people support it, but I just don't buy into it.",0
157," While it sounds nice, it has many problems. First, people who shouldn't be using at all now have access to ""free"" healthcare. Second, taxes are going to jump as a result. Third, those who want to use a different kind of healthcare can't get it without using the government's as well.",0
158, Why would we want something that's not even working in other countries that have it?,0
159, Not a matter to involve government guns in.,0
160, The only voluntary form of taxation.,1
161, I would be in favor of a national sales tax if the federal income tax was abolished. Taxes on consumption are better in my opinion.,1
162, Makes sence,1
163," Abolish all forms of taxation bar this. All other forms of taxation are just forms of theft. In this form of taxation, people would give their money to the government voluntarily, so it wouldn't be theft.",1
164, I love faix tax and everything it represents. It has already been mathematically vetted to provided the same or more tax revenue than the current progressive tax system. You get to pay less tax overall and the Government still gets their cut. The Government no longer gets to tell you how of your pay check you get to take home. Oh yeah tax loopholes gone. Rich people will bring their money back to this contry; which means more wealth leading to job creation and less poverty. If you want to support the Government by more new stuff. You can not avoid paying it.,1
165, Tax on products will help the government care for its people.,1
166, change of plans i like it,1
167, It would repeal several taxes that we have and make the taxing system much simpler.,1
168, The only taxes should be property tax (because the military protects your home) and sales tax (because of the roads built by the government).,1
169," Beefing up the tax base is often necessary. It can also clear an inflationary gap (as long as it doesn't go overboard and cause stagflation). Really, if the economy needs it, use it. Just make sure the income tax is progressive enough to offset the effects of this.",1
170, You are completely ruining the whole system. You are asking for a huge alteration and you are putting the middle class in jeopardy. We have a sustainable tax system at the moment (in my opinion). It could be improved but this is certainly not the way to look at the issue.,1
171," A tax increase like this would predominantly affect consumers, who are mostly on the lower end of the spectrum. It's the worst way to address taxation.",0
172, Doesn't work someone will find a loophole somewhere,0
173," The less taxes, the better. A retail sales tax, especially on a federal level, would only be harsh on the poor and middle class.",0
174, Sales are Not a matter to involve government guns in.,0
175," I'm assuming that this means THE NRST (Retail tax ONLY), since most sales are already taxed. Any time things are pushed to the extreme, it probably won't end up well. This tax system would discourage spending and trading, and encourage hording, which would slow down the economy. And again, even though this seems like just another way to get government revenue, any tax system is not a solution to the root of the income inequality problem.",0
176," I simply think that taxes shouldn't be leveed on any goods with the exception of vices (tobacco, alcohol, and, if legalized, marijuana). In addition, it'd only detract from our economy because people won't want to buy anything. It only hurts our already suffering economy.",0
177," Ew, sales taxes are a meanie idea.",0
178, Though this may eliminate the income tax it heavily places the tax burdern on the Middle Class. It jacks up the cost of goods and it hurts the economy.,0
179, I think a tax on income is fairer than a tax on consumption.,0
180, The,1
181, http://www.debate.org/forums/Economics/topic/76242/#2198047,1
182," I support their cause, but they need to have cleared goals and solutions.",1
183," They haven't changed anything but its a good first step to change America into ""For all the people""",1
184," Maybe some of the protestors are bad or maybe it's applied wrong, but the move to itself is good.",1
185," I don't like the riots that they caused, but the ideas of it do make sense.",1
186, Fight against corruption and abuse of capitalism,1
187, At least we finally see people fighting for something.,1
188," I think this one speaks for itself, but the little people may never win against the hierarchy that controls us.",1
189, The Occupy Movement has called attention to the growing wealth disparity and police brutality against minorities in this country.Whilst I do not agree with the way they have been utilized as a tool of the Democratic Party establishment their message is a threat to the elites who run this country and want us to think their interests are our interests.,1
190," It's a mislead assault on Capitalism and the Wealthy using corrupted statistics and blatant lies. It's basically saying ""You're richer than me? How DARE you not give me all your money!""",1
191," It does use misleading statistics and needs some real reform before people stop hating them (it is currently a giant group of hipsters, socialists and communists who promote unsustainable ways for the economy) they are doing nothing but getting arrested and getting into fights with their best friends (sarcasm intended) the tea party! These two parties are a PERFECT example of how overly passionate people in America are about politics... I love it and hate it at the same time :/",0
192, (With the exception of Occupy Central in Hong Kong) ,0
193, Attacking capitalism isn't doing anything positive.,0
194," The ""official goals"" are great.",0
195, The Occupy movement was one of the greatest collective instances of retardation ever conceived.,0
196, What did it even accomplish?,0
197," Not impressed. It's a movement that functions on the basis that we can annoy people into action. Focus on changing policy if it's so bad, have a direction that you want to go in, do something instead of just complaining about the current situation.",0
198," In theory, what they're saying makes sense, but I don't think it makes sense practically. I get that they want to end hardships that poor people face, but I don't think that a ""Robin Hood tax"" (as it's sometimes called) is the way to do it, because I think that the federal income tax should be abolished outright.",0
199, I have no clue what they want to do besides clog up streets and get free money.,0
200," Low tax rates are good, as long as they're not resulting in budget deficit.",1
201, Very fair and is superior to flat tax. The rich may have issues with this system and call it unfair. However this is not the case. The rich are able to pay higher percentage taxes. The poor are not. You do not know why some people are poor. They may be refugees fleeing from Syria; they may be teenagers kicked out of their homes by abusive parents - forced to poor living conditions. The honest fact is that you do not know why people are poor and you cannot assume that they are poor because they didn't work hard. This is also a point regarding a flaw in the capitalist system.,1
202," A person paying 20% taxes on $100,000 of income still has a much larger amount of take-home pay than someone paying 10% on $20,000. It's simple mathematics.",1
203," Yes, more money equals more tax.",1
204, Those who benefit most from society should pay more. Those who don't should pay less. Simple.,1
205," Yes more taxes as your income goes up, pretty simple logic",1
206, I don't mind paying a bit extra...,1
207," The rich don't always get rich for skill or hard work or smarts. It's luck. And frankly ""winner gets all"" doesn't ring fair, and a lack of perceived fairness only decreases participation. As mentioned before, furthering redistribution doesn't solve the root of the problem of income inequality. But under the current situation, some form of progressive tax is the most reasonable; It neither impedes people from contributing more to society nor leave the unfortunate out.",1
208," Takes wealth away from those who don't need it, let's those who need it keep it.",1
209," People who have more money should pay more taxes, people who have less money should pay less taxes. This isn't rocket science.",1
210," I am against the idea that because you earn 2x more than me, you should pay 4x more than me. Everyone is equal, even the wealthy. If you earn twice as much, you should pay twice as much.",1
211, Progressive taxation arbitrarily taxes certain people more due to the amount of money they make. This is an injustice.,0
212," Flat Tax, not progressive",0
213," Abolish the IRS and the federal income tax. Also, if we're going to have an income tax, it should be flat rather than progressive. Why should the rate increase as the income increases? The amount should increase as the income increases, not the rate.",0
214, It is simple more taxation does not equate to higher tax revenue. If fact history has several instances where increased taxation does the opposite. Fair Tax first and I would consider a Flat tax.,0
215," Having a progressive tax would simply chase out any American industry that is left. We need to do the opposite of a progressive tax and start attracting more of the rich, not chase them away.",0
216," Flat tax is better. The rich already pay their ""fair share"" and don't need more taken from them.",0
217, Income is Not a matter to involve government guns in.,0
218, seems stupid,0
219, Nope.,0
220, Whilst I don't necessarily approve of it being done frequently it can be justified. I believe that suspicious and strange behavior should be the main reason to suspect somebody of being up to something but the statistics provide enough to show us that certain groups of people are more likely to do something. We cannot completely ignore the objective evidence and let criminals walk past us because we don't want to seem to be offensive to them. The fact is that more crimes are committed by certain groups of people and this shouldn't be ignored.,1
221," If it wasn't for racial profiling, cops would never know who they are going after.",1
222," Give law enforcement what it wants so it can preform its job well. If that is racial profiling, then let it be. Also, law enforcement should better be safe than sorry.",1
223, I would love to say con. But in my head and never out loud it's pro. More religious profiling. I try to curve this . As its shows my simple mindness. I know there . They us are not all a certain way. But it seems to get harder every day. I need to make a effort to try talk / listen to the types of people I have this problem with.,1
224," Profiling is a tool that police officers use to stop crime. Just like the area of where you live and job you have, race is a part of you. Profiling is using a general idea about a crime to help find the person who commutes the crime. If there is a group of gang members in an area that are black, it is not racist to investigate groups of suspicious characters that fit the description.",1
225," As long as nobody acts on their judgement, it's perfectly reasonable to think differently around different groups of people. There's a reason stereotypes exist, and it's not because some guy wanted to have a laugh at the ONE guy of each group to do something.",1
226," Ok, several suspects of different nationalitys are being interrogated. Racial profileing puts criminal behind bars and isn't biased, just narrowing it down. if I kill somebody, 4' 9' white male is better than anything else. next you idiots will ban size and age profiling",1
227," It is statistically proven that certain demographics are more likely to engage in certain behaviors, and law enforcement agencies should not be denied the use of that information.",1
228, It isn't appropriate in all situations but if you are looking for illegal immigrants you are typically going to be looking for someone Hispanic. There are immigrants coming from all over but the majority of them come from countries with primarily Hispanic populations. Police officers risk their lives every day and they really don't have much to go on to protect themselves so if racial profiling is what it takes to keep them safe I see no harm in it. That being said no one should be treated any differently if they are taken in to custody. If you are white or black or otherwise you are just as guilty regardless of how you were caught.,1
229," There is no way to not racial profile. Of course, I am not saying this in a way like 'this is a bad thing , but we can go against racial profiling because we can not permit it'. I would like you to take this point into account. If there is a dominant race in a city, there is no way to stop and say 'that officer is racial profiling'. There is no way to prove it and officers could be wrongly accused. I am not racist at all. It is just the fact is there is no way not to.",1
230," Everyone should be profiled by who he is, not what he looks like. Of course if the person is known to be Black, than you are going to be searching for a Black guy... But to assume someone did the crime just because he's Black is not okay. DEBATE: http://www.debate.org/debates/George-Zimmerman-acted-in-self-defense-against-Trayvon-Martin./1/",1
231," Racial profiling only supports inequality, and racism in the United States. Its wrong and horrendously inhumane... how would you like it if you went to Africa, and the police immediately arrested you because they thought you were part of the KKK??",0
232," Profiling inherently discourages the equality of opportunity which is strived for in the United States. It's also a vicious cycle; the more profiling is done on ethnic groups, the more crimes they will be caught committing while whites get off scot free, and this in turn becomes more ""evidence"" in support of racial profiling.",0
233," There are racial differences, but I don't think that profiling based upon those differences is good policy.",0
234, Is this even a debate?,0
235," Never reasonable, in any instance. An entire race is not complicit in the acts of a few of its members.",0
236, It's just racism under the guise of justice.,0
237, This is why people still use the word stupid.,0
238," TO FIX LATER- If it can help, then I guess it is good. But if it is meant to purposely harm or discriminate against a certain type of person then screw the bas--- or actually, no, don't. It's because of their pent up sexual frustrations.",0
239," Racial profiling is the reason the United States isn't fully recovered, there are many racists or stereo-typists out there still. Police officers not only have a bad reputation for racial profiling, but many other negative labels as well. Let's not put all police officers in a box either, that's what the issue is here. However, a few times a week or more someone is arrested or shot by a police officer in the US. An asian female is society's least targeted for suspicious crimes, if she were to act the same way as that black male, she wouldn't even be watched by the police. It is completely absurd, many claim it's not racial profiling, because many who do it are unaware they are doing it.",0
240," Only when necessary,",1
241," I don't see the problem here. Taxation is a very basic level of redistribution, it's how we continue to function as a nation.",1
242," Any government taxing and spending is by definition, redistribution. Only anarchists should be checking the ""Con/Against"" box.",1
243," Pay taxes? Yes. How much? Depends on the economical system. A capitalistic system like the one in the U.S. indubitably creates wealth inequalities that are undeserved, unnecessary, and unbeneficial. 20~30% of GDP sounds fine. If you drive on government roads, or even BREATHE air, then I don't care what you say, you are for redistribution.",1
244, Money stays at the top otherwise and capitalism can't flow of it does.,1
245, Suprised so many people are Con. Taxes are resdistribution.,1
246," Not on a large scale, but when the top 1% gets the majority of the wealth, it should be obvious there is something fundamentally wrong.",1
247," I support social policies, so technically the answer is yes.",1
248, good idea,1
249, It helps people and it helps the government and it also makes the whole world more fair and there should be much more of it and through it we make the world fair and we bring equality.,1
250, I'm,1
251," Everyone's wealth is their own property. Being poorer than me is not an excuse to sneak their hands into my pockets. I don't mind helping others, but when they don't ask before taking, my giving ends there. Besides, Redistribution through taxation just redistributes the money from one rich man to another.",0
252," If we are talking about taxation then I have no problem with such a thing. However, if we are talking about OWS-style redistribution (i.e. basic income guarantee, LITERAL redistribution- wealthy taxed and whatever revenue it generates goes to the poor) then I would rather not go down that lazy, spoiled road.",0
253," Under the capitalist system, the rich earn their money by working hard for what they earn. I don't mind giving to charity but forcing me to give a certain amount and not even asking me is essentially forcing me to give a fixed amount to charity. Once requests become demands my giving ends. By giving to charities I know that my money will go to people who are less fortunate for reasons that aren't necessarily their fault. Redistribution gives to the lazy who don't work as hard because of this policy itself.",0
254, Man is entitled to the sweat of his brow.,0
255," Money is not free. People need to work for the the money. And rich people spend their money, and that creates new jobs.",0
256, It's anti-capitalist.,0
257, Sorry but this is unrealistic. This is basically Communism and results in a governmental higher class with money and only a lower class with no money.,0
258, Our government ought not be a modern day Robin Hood.,0
259, Nope! That's all I have to say. :),0
260, Smoking isn't a private activity... Too many people die from secondhand smoke. 5 million children alone are expected to die earlier because of secondhand smoke. Smokers cost the US and it's citizen's $300 bn a year and medical costs we all have to pay for. I don't think anything that's physically addicting and dangerous should be legal.,1
261, Second-hand smoke infringes on other's rights.,1
262, The progressive in me is peeking its head out.,1
263," Smoking is ok, but not in schools or hospitals.",1
264, enough of this 'it's your body and you choice crap'. you should've lost those rights ever since second hand smoke was verified,1
265, Smoking causes more preventable deaths in the US each year than anything else. It is dangerous and adiction and even second hand smoke can kill. Read the CDC smoking related mortality stats for more information about this.,1
266, Of course it would be gradual but way better than nothing.,1
267, Only in public areas.,1
268, I am for the smoking ban due to second hand smoke. But let the people ruin their bodies but just not in public.,1
269, Anything to get the use of drugs off the street and out of stores is nothing but beneficial to our civilization.,1
270, I'm all for banning smoking in public.,1
271, Will create too much of a black market. Gangs will become stupidly powerful to the point of corrupting the law enforcement and reducing the overall living conditions. Al Capone is a perfect example of why banning something like cigarettes is a bad idea.,0
272," People can do what they want with their bodies, and it would be anti-freedom to be for a smoking ban.",0
273, A smoking ban will just make tobacco an illegal drug. Tobacco will be resold like heroin and cocaine. It will be manufactured badly and society will suffer. As well as this it also results in the economy failing. The cigarette industry brings in billions to the US economy and a ban would be drastic.,0
274, We have the liberty or the right of choice. We can do anything unless it harms others. We can block secondhand impact by making smoking zones.,0
275," Smoking helps the economy, and we have the liberty of our choices to do what we want unless it does not harm anyone.",0
276," People can smoke in public places, get over it. If you don't like second-hand smoke, don't go near smokers.",0
277, People have the right to smoke.,0
278," Smoking causes numerous health problems, but it should be up to the people to decide.",0
279," While I am not a smoker and personally find smoking both disgusting and inconsiderate, if you really wanted to, you would get your hands on a cigarette. The only difference is, with it being legalized, the government can somewhat control what toxins are being put in there as well as tax smokers. In addition, if it's not legally being sold, it will be a drug-like situation in which money and power will be given to drug leaders and criminals. Do we really need to go over Al Capone and the alcohol ban in WW1? It will be the exact same situation. In summary, smokers will continue to smoke regardless of whether it's legal or not, so we might as well control it and tax it so the money can actually go to something beneficial.",0
280," Social programs are good... But if you take them too far, you start going too far.",1
281, only when the money is not wasted or ineffective.,1
282, We can't have an equal society without this.,1
283," Only certain ones. We could cut many, many social programs.",1
284, Not every time can be one of plenty for all in terms of access to jobs and basic economic necessities. Social programs are there to ensure that those bad times don't result in mass death.,1
285, This is required for an equal and modern society,1
286, Roads = social programs. ,1
287, The government at least in Americas case is the richest they should help.,1
288, On the fact that . We must HELP PEOPLE IN NEED.,1
289, They have done many good things for citizens.,1
290, Of course I am for social security. Any other programs where individuals have not payed in directly for benefits should be highly limited.,1
291," I'm a fan of helping the genuinely disadvantaged, but we need to do more to prevent fraud. We also need to cut back our budget for entitlements overall.",0
292," Franklin Roosevelt's new deal system worked, where has welfare gotten us? More people on welfare and not enough tax t cover it.",0
293," I don't believe in welfare, I believe in private charity. That's why I oppose social programs. We need a small government.",0
294," The more we have of these programs, the more desperate and dependent people become. It is immoral of the State to create a permanently dependent underclass. These programs should be either privatized or abolished with charity always being an option.",0
295, Over-dependence on government.,0
296," Forget the programs, what a stupid, uninformative name. ""Social programs?"" Subsidized dancing?",0
297," A free market economy is the single best tool for raising living standards and reducing poverty. However, I support funding effective social programs.",0
298, Charity is preferable.,0
299, We should privitize Social Programs and replace them with Charity.,0
300," Social Security is security for our future after retirement. Just because the equation used has to be fixed, doesn't make it bad.",1
301," People have spent huge percentages of their income over the course of years into it. This is essential and there aren't really any justified negatives of this debate - in my opinion. Even if it isn't necessarily applicable to you, it is not a reason to not pay into it. You are essentially giving money to charity if you aren't going to benefit from it. It's not a negative, even if it isn't a direct benefit to you.",1
302, Social security is an absolute must.,1
303," Many have spent much of their lives paying into it, and the program is essential for the elderly.",1
304, Social security is a great thing. But people should be able to choose wether they want it,1
305," We need to take care of our old people, or else young people will have nothing to look forward to. Social Security is a low-risk way to manage retirement funds, and I really see no way that even an inefficient bureaucracy could botch something as easy as keeping money up (unless it is corrupt). SS has worked beautifully for over 70 years.",1
306, We need a way to protect elderly.,1
307," I would reform it, but the idea prevents the elderly, who are often incapable of working, from slipping into poverty.",1
308, if it is well maintained,1
309," Privatize this. Don't take it away, just privatize this.",1
310," I am for welfare, but welfare reform.",1
311," It should be privatized and completely optional. If someone doesn't want it, then why should they be forced to get it?",0
312, I am for privatization of Social security.,0
313," We need to reform social security; however, we mustn't prey on our senior citizens by taking away their social security. How about we privatize it?",0
314," Over-dependence on government, and in it's current form it is extremely flawed. I want the age to be raised to 70 gradually, and without having looked into it much, I think I would prefer privatizing accounts.",0
315, Personal Retirement Accounts,0
316, We should privatize it and allow people to control their own retirement.,0
317," I want my generation to have the right to 'opt-out' entirely. I'm not ever going to get anything from it, why should I have to pay in?",0
318, Communism.,0
319, We should get rid of it but not right away. A good start is raising the age.,0
320, Capitalistic economy with some socialistic policies is ideal.,1
321, I,1
322," A balance between both is needed, and while I am against crap loads of corporate taxes and ridiculous government regulation, along with a welfare system that nurtures failure instead of building success I am also against corporatism and I am completely for regulating pollution, subsides/cash grants, regulating the additives in food and banning anything artificial in food (clean out all our diets), health inspection, environmental inspection, and less unnecessary side affects with american medication along with better (but not complete) healthcare coverage and minimum wage as well as worker rights (as long as they are BALANCED). ",1
323, There is a BIG difference between Communism and Socialism.,1
324," Idealistically, this would lead to utopia. But we live in the real world.",1
325," It works, in theory and if performed correctly and stably, well.",1
326," This gets the same answer as capitalism: we need it, and though it's not good in every way, it is very important to any governmental system.",1
327, If we don't maintain a control over companies then the Iron Law of Oligarch will and is already beginning to take over our societies.,1
328, Does Nordic Model count?,1
329," Not full socialism, but some socialism.",1
330, When Social Programs go too far. The problem with Socialism is that eventually they start giving you those 50% taxes.,1
331, Equality is needed but not to the extent of communism or socialism. In some scenarios people have been kicked out their houses and need money however these scenarios are very rare and proportionally they are in the minority. Therefore overall socialism fails in the majority of scenarios.,0
332, lol,0
333," Socialism, in all of its forms (even ""libertarian"" socialism), requires collective enforcement of the abolition of private property. As such, it is sufficient to say that socialism is one of the most anti-libertarian ideologies that exist to date.",0
334, Socialism does not work and commonly results in a tyrannical government.,0
335, no. very unfair system. I should get what I earned.,0
336," ""The problem with socialism is that you eventually run out of other people's money."" -Margaret Thatcher",0
337, Be nice but unrealistic.,0
338, I do support a Progressive Economic system but not Socialism.,0
339," History of being less efficient and more unfair as compared to capitalism. I see it as: the more state run the economy, the worse it is.",0
340," The Stimulus Spending seemed bad, but it wasn't. It did it's job, and the Car Companies have paid back what they took.",1
341," Although government providing things like tax incentives is a very effective and good idea, this package was not the most effective tool to fix the economy during the recession. I think had they put a stop to the stupid loaning systems that banks were coming up with, the 2009 recession would have not been so severe (or even happened). ",1
342," When we require more jobs (which a lot of time), stimulus spending is effective and needed within society. It's doing its job and we can't abandon it now.",1
343, Helpful during times when we need more jobs and an infusion of money from the government can make that happen.,1
344, Helped us get out of the recession,1
345," Keynesian economics sounds fairly reasonable. When people lose a job, they spend more money looking for jobs, just as when an economy is down, money needs to be channeled into it to get it going again.",1
346," We needed a way to help our people in the recession, and this is how we did it.",1
347," Sometimes, capitalism needs an engine to start it up again. Private companies do not invest in infrastructure for example, need that through public spending in down economic times to facilitate investment and get going again.",1
348," Corporations do not invest in infrastructure, so it may be up to the government to step up to jump start the economy. Nobody should be complaining because it worked in 2009. The only downside is it increased our debt, but it saved many people from losing their jobs.",1
349, It jumpstarted the U.S. economy during the Great Recession.,1
350, Stimulating the economy just wastes money.,1
351, Why don't we just run it like Franklin Roosevelt? His idea seamed to work.,0
352," It involves high government spending, which I am strongly against. The government needs to be highly prudent with its spending.",0
353, Throwing money at the economy does not fix anything. Look at how our economy is right now.,0
354, Breaking windows does not stimulate anything.,0
355, Free market,0
356, Vague macroeconomic statistics are Not a matter to involve government guns in.,0
357, Let the economy correct itself naturally. Deficit spending is also particularly harmful.,0
358, Depends. Obama's stimulus was newbie.,0
359, never works,0
360, With this congress killing the term limit would be suicide. Imagine someone like Obama or Bush in office for as long as possible. That would be a nightmare come true. ,1
361," Terms should be limited, obvious.",1
362, Dictator free zone please.,1
363, Necessary in all levels of government.,1
364, To prevent any single politician from having too much power.,1
365, Too much power is bad. Keep them limited.,1
366, It gets new ideas and new people running through Congress.,1
367, I don't like the power getting focused around one person.,1
368, Incumbents have way too much advantage for us not to have term limits.,1
369, Give other politicians a chance.,1
370, A person can stay elected so long as the People want him. Term limits really just help remove now experienced people from office. The people normally kick bad people out after a term or two.,1
371, How do you expect me to establish a dictatorship with all those pesky term limits >:(,0
372, We are limiting democracy which is not the direction that we should be taking about this particular issue. If you have a problem with somebody then don't re-elect them. Making actual laws against this is utterly preposterous. It's surprising that so many people fail to see the benefits of experience. If there is a majority vote for somebody then I see no reason to stop this person from going into power solely because they have previously served. This could be taken to the extend as being used as an accusasation demonstrating that this denies us of our human rights. You are telling the majority that they have less of a say.,0
373, There should be a voting taken place every year to see if the country - as a whole - would want this president for a longer amount of time then the limit allows. It can help ensure the safety and improvement of our country and can make us a better country as a whole with this freedom.,0
374, If someone is good why force them out of office?,0
375, If someone is a good leader why force them out of office?,0
376, This should not be required in a true democracy. The people votes for who they think is best for the country.,0
377," Why throw someone even worse in office just to avoid giving the one not as bad more time in office, especially when the chance of more time avoids all the agent-principal problems associated with lame ducks?",0
378," Why limit terms when there is a natural limiter called death? In fact, if we had a good, flexible, and open-minded leader, I would not be opposed to having him stay in power for eternity. Limiting terms could botch policies that need longer term dedication.",0
379," I support term limits for the executive branch, but oppose them for legislators and judges. Ultimately the people should be able to decide who represents them.",0
380," Someone who is willing to blow himself up and kill 100's and people and little children, isn't going to talk unless you force them too.",1
381," Although it may seem immoral, wrong or inhumane to some people, it truly depends on how I'm feeling because my opinion differs sometimes. If I'm feeling in a peaceful mood, then I might lean slightly against, however usually I am Pro... I know a lot of torture methods too.",1
382," When it comes to the military, we need to give them what they require to preform the job to their fullest. If they honestly think that torture can help them get information and make their job easier, then yes, it is justifiable. If it can make people safer (which it does) then it is immoral of the military not to use it.",1
383," Yes, torture is inhumane; however, it is necessary if we need to stop terrorism. We're supposed to protect innocent lives.",1
384," Only on those already convicted of a crime that should be a crime, enemy combatants, etc, for punishment or intelligence purposes. No gathering pretrial evidence with it or such nonsense.",1
385, Torturing someone would be a waste of everyones time.,1
386," To punish people, or course. Prison is torture. ""Cruel and unusual"" punishment is too subjective. ",1
387," Yes, it is inhumane. Yes, its unfair. Yet, only to an extent.",1
388," In every war, women have been raped, and men tortured. ",1
389, Only under the ticking time bomb scenario.,1
390, Should be 100% illegal. Presidential pardons can be granted for ticking-nuclear-time-bomb scenarios.,1
391, Not effective,0
392, Unethical and ineffective.,0
393, We shouldn't abandon our moral standards just because this is war. Interrogation is necessary but going to the extent of torture is inhumane and selfish.,0
394, Inhumane and wrong.,0
395," Notwithstanding any moral issues, it's useless.",0
396," Unfortunately safety must be sacrificed for liberty and freedom. If we die, we die as free men.",0
397," Why would I be for it, it isn't fair. No one deserves it, even rapists and murderers.",0
398, I support non-lethal and highly effective torture such as water boarding only when nessecary.,0
399," I would not advocate for torture against anyone. Pragmatically and morally, it is a very bad idea.",0
400, Give it more power!,1
401," most of the time the UN is good for the world, but when they screw up, (Israel-Palestine) they can hurt a lot of people.",1
402, needed to help prevent wars and a nuclear holocaust.,1
403, The United Nations should have the power to decide if/when we can declare or go to war.,1
404, They can resolve large international issues peacefully and make ,1
405, Collective security is in itself enough of a reason to be involved in it.,1
406, The United nations is an effective organisation and its success is dependent on its member countries but it could be more democratic. The security council comprises of the P5 members who have the veto power. This gives the P5 members the control over any/all major international conflicts. Concentration of power betrays the fundamentals of a democratic organisation,1
407," Ineffective for the most part, but necessary.",1
408," One of their main goals is achieving peace, which is a wonderful thing.",1
409, Uniting the the powers of the world together does more good than harm.,1
410, See anarchism.,1
411, I find it telling how many of the pro-UN comments are along the lines of 'Well yes the UN sucks really bad BUT...',0
412, Bunch of useless idiots...,0
413," The UN is useless, bureaucratic, and a waste of time.",0
414," Where was the United nations during 9/11, or the Cuban missile crisis? Or the cold war?",0
415," I do believe most of what the U.N. does is actually good and looks out for the best interest and sovereignty of nations; however, the way it is set up and is incredibly corrupt and ineffective at solving problems makes it hard for me to support it. I will largely defend the U.N. from most attacks, but, if nations simply become less interventionist, then they can counteract most of the problems the U.N. faces.",0
416," The United Nations exists for two purposes- to render the victims of aggression impotent, and to degrade the meaning of rights.",0
417," Anti-Israel most of them, and anti death penalty ",0
418," While its goal is world peace, I think it is the first step to the Biblical global one-world government. Besides, NATO is more effective than the U.N has ever been.",0
419, The UN threatens other nations sovergnty not to mention how ineffective they are.,0
420, This isn't about Terrorism. The US has a much bigger reason to be there... China.,1
421," For this and the next opinion, it had to happen. If we did not respond to the first attack to America since Pearl Harbor what does that say about us?",1
422, We must protect everyday Americans but the amount of troops in Afghanistan wasn't needed.,1
423, Only to flush Osama out. Rebuilding the government there and whatnot is not a proper use of our time.,1
424, Carried out wrong but the goal which was to take down the taliban and al-qaeda was right and done successfully but we should pull out and let the UN help.,1
425, We improved their standard of living... arguably...,1
426, Entirely warranted. Countries that harbor or fund terrorists should not expect the United States to ignore them.,1
427, Global Justice is the fight we were meant to play.,1
428," See ""War in Iraq"".",1
429," Maybe it could have been better-run, and civilian deaths could have been reduced somewhat, but we've basically destroyed the Taliban and Al-Qaeda by going into Afghanistan.",1
430," Does nothing but fuel the industrial complex while securing greedy ""national interests"" and waste human life... this and Iraq are some of the most disgusting wars in human history.",1
431," There is definitely no morality in this war, generally speaking. In this particular war there is neither morality or rationality. The only result of this war will be a higher death toll. It doesn't matter who is right and who is wrong in war because these beliefs are subjectively debatable. This is a perfect example of a huge War On Terror failure. This war alone is enough evidence to show that the war on terror is a failure and the war on terror economic cost statistics combined with the failures of this war easily justify my position against this war.",0
432, Who is pro this?,0
433," No, there was no cause, they should be stopping the genital mutilation there but they don't, the war is without cause.",0
434, Been against it from the start. Not changing my mind now.,0
435, War is a terrible last resort. We must do anything we can to prevent war.,0
436, No one is talking about the dead civilians,0
437," Most of what I have to say about it is in the ""Military Intervention"" Big Issue.",0
438," Heard the rationale for it, and it still doesn't make sense... Seems like there is a lot of either erasing or ignoring history these days (e.g. why wouldn't things would be different for us than the Russians?). Sure, minimized the haven/efforts for terrorist there...briefly; in the end, the terrorists just relocated.",0
439, America should mind their own business by now since they already killed Osama Bin Laden and most of the terrorist groups have been dispersed. No one can fully stop terrorism. Their will always be terrorism.,0
440, Terrorism is an evil that everyone must fight.,1
441, I agree with the war on terror but I do not agree with the means,1
442, We must go against terror to keep Americans safe.,1
443," Just because terrorism is not going to be eliminated immediately, doesn't mean we should stop the war on terror.",1
444, Let's get those SOBs.,1
445, nessecary to take action,1
446, MURICA,1
447, terrorists must pay,1
448," Terrorism is as much of a threat as rogue.corrupt nations. If terrorism was not to be opposed, then the radicals leading the terrorist organizations will come to rule nations (just look at ISIS/ISIL), and the nation will become rogue and corrupt anyway.",1
449," Only if Congress declares war on a terror organization, ie ISIS, Al Qaeda, Al Shabaab, etc...",1
450, Direct military intervention is just gonna fuel the fire. There are no easy solutions to this problem.,1
451," All we ever did on the war on terror is destroy countless communities, destroyed out budget, and left the middle east devastated, hateful ,and dangerous. In the meantime this war on terror is plunging us even closer to financial collapse and have basically taken a crap on the bill of rights.",0
452," Having a war on a concept is inherently a bad idea. It's much like the War on Drugs, where drug dealers and users are subject to full prosecution by the state. It would be far similar with the US detaining people under the guise of ""terrorism"" but perhaps for other reasons as well.",0
453, The most unnecessary war in history.,0
454," The war on terror fails. Its objectives are not being met. It takes up a huge percentage of the USFG's funding (slightly above $3 trillion of it). The war on terror has proved a huge failure which is evident and takes little research to do so. Look for news articles related to terrorism in the last few weeks. If you can't find any then the war on terror most likely doing good. If you can find some (which is almost certainly going to be the case), then the War on Terror is doing nothing -- and is arguably provoking terrorism and increasing it which is the opposite of what we want to happen.",0
455," Since the war on terror started, it has created more problems than it has solved. Economically, it helped to create a huge deficit. In terms of foreign policy, the countries of the Middle East now are even more opposed to the United States than before, due to issues like repeated ignoring of sovereignty and drone strikes.",0
456, This is weakening our military with all the conflicts of enemy / other nations. We need to stop fighting the terror and learn to limit it as low as we can. That way - people are not harmed in the process and we can focus on things that are more dominant problems in our country.,0
457," We are not winning the war, the middle east has been destabilized, there is too many believable conspiracies about 9/11 being an inside job, and our rights have been and are being taken away.",0
458," Sadly, terrorism will never go away.",0
459," Terrorism is one thing (which I wholeheartedly believe is wrong), but attacking innocent civilians, sending masses of our troops just to be killed, and wasting trillions of dollars is so unnecessary. George Bush is a nut.",0
460, I support welfare that is regulated and managed properly. The welfare system currently is a bad system because it is easily taken advantage of.,1
461, Welfare is abused way too much. Simply throwing a government check in the face of a alcoholic will result in him blowing it all on alcohol. ,1
462," With time limits, perhaps, or some way to help verify that it goes to those who need it.",1
463," Whilst this isn't as good as it should and could be, it is something that we cannot live without. We need it and it is necessary for us.",1
464," Yes, it is necessary, but our goal should be getting them good paying jobs so they don't need welfare.",1
465," Ineffectively done, inefficient as well, but necessary.",1
466, I will admit too many people abuse welfare but we need some kind of system which helps the lower class. I just don't like how the taxpayers pay for welfare....,1
467," Only ""for"" if more stringent requirements are in place; this is a drain on the financial system as well as others. Needs to be more oriented to finding applicable work based on whatever limited abilities remain of a person. (i.e. minimize free loaders)",1
468, people who get welfare gets it because they really need it.,1
469," BUT unless you are disabled welfare should not just be free money, it should be a card that can only be spent on approved items. No more welfare-for-cigarettes or welfare-for-alcohol! People should have the right to live and hence appropriate housing, access to food, water, adequate hygiene, and health care. People should have access to education and job training programs too to help them get out of their situation. But ""welfare"" should not be an easy living situation. Their use of welfare funds should be limited even to only healthy foods and no junk food, and electronic devices should depend on whether they can show it's needed to help them get and maintain a job.",1
470," Welfare isn't bad, but too much and... well... see Socialism.",1
471," This system is being abused, and limits need to be implemented.",0
472," I am for welfare, but welfare reform.",0
473, Needs reformed.,0
474, It's not something that I think that the government should be involved in. We need a smaller government.,0
475, All people should have to work for what they need NO MATTER WHAT.,0
476, Against because I believe it needs to be reformed.,0
477, I know people who have been on Welfare who want it gone. It's not worth the billions we have wasted on it.,0
478," We should not entirely abolish welfare; however, we need more people to work and stop the ""welfare kings"" and ""welfare queens"".",0
479, I'd rather see the welfare state replaced with a negative income tax.,0
