,comment,sentiment
0," Forcing a woman to have a baby is wrong. Having a child is a lifetime of responsibility. Many people are not ready for that responsibility. Who are to tell them that they must take on that burden. It is there life that, this child would effect and therefore it should be up to them. Having abortion available to all women who seek it out would greatly reduce crime in the future as well. Children who would be born into the most difficult and unstable situations would no longer be an issue. Furthermore our planet is currently in an overpopulation crisis and legalizing abortion is one way in which we can start combating that issue as well. There are multiple reasons as to why legalizing abortion will have a net positive effect on our society and the sooner this is accepted by everyone the better off our society will be.",1
1, Only in the case of sexual assault or life-threatning,1
2," I don't like abortion and I'm sure that many Pro-choicers don't as well. But, to keep this practice illegal will only spawn an illegal industry that will meet the demand for this service. The best option is to provide safe, legal, and healthy options that women can turn to, rather than Joe Shmoe down the alley with a coat-hanger. Abortion is an inevitable practice, I'm sorry, but it won't discontinue regardless of your religious convictions or personal experiences. Let's do what's right and make it safer than it has been by regulating it.",1
3, its your body.,1
4," As a libertarian I am very pro choice. I believe that women have a choice about what they do with their body, especially in the circumstances of when women are raped or the baby / mother is put at risk of life threatening problems.",1
5," pro-choice, it's a womans body, she can do what she want's with it",1
6, I am pro-choice. Even though I would personally not choose this option - I do not believe that government should have a say of what women do with their bodies.,1
7," First, abortion as a form of birth control is irresponsible. I am not for abortion, but it should be an optional to women especially in extreme circumstances.",1
8, Right of choice,1
9," Personally, I would only support abortion in dire circumstances like maternal health, rape, etc. I view abortion done in other circumstances as immoral, but I have no right to use state violence to promote my views.",1
10," At contraction, the 46 chromosome DNA of a human being is there, and it's a living cell. Just because it's one celled at that stage doesn't mean it isn't human. DEBATE: http://www.debate.org/debates/Abortion-is-a-Violation-of-Human-Rights/1/",1
11," It should only be allowed if the woman's life is threatened, a child's right to live outweighs a woman's right to their body.",0
12," I'm for it in cases of rape, incest, or danger to the mother's life, but not in other cases. I am in favor of widely expanding access to contraceptives, though, and I believe that sex education classes should be required and required to be medically accurate. It's insane that people still try to censor facts that disagree with their views in this age, especially considering the huge impact sex education has on the lives of people.",0
13, No one should be allowed to kill another member of the species. At least give it up for adoption.,0
14, Some say its a women's choice. What about the babies? Is one's life worth less than an unfortunate life decision? Rape represents less than 0.1% of abortions. The majority of abortions are due not in life-saving situations.,0
15," All humans are valuable by nature of being human. The implication of this belief is that all humans have a natural right to life, regardless of what stage of life they are at. We wouldn't kill an adult human. We wouldn't kill a 4 year old. We wouldn't kill an infant. I see no reason why this should not extend to fetuses. I reject the belief that personhood is only acquired once certain traits are possessed, such as sentience, the ability to desire, and the capability to have rational thoughts. I believe that only the natural potential to acquire these traits are necessary to have personhood. This is why I do not lose my right to life when I fall asleep (and thus temporarily lose my ability to desire and have rational thought). This is also why mentally and physically handicapped individuals maintain their right to life.",0
16," Abortion should be ILLEGAL!!! When you have one done, you are murdering someone. Why can't you idiots see that?!?!?!",0
17," Abortion is a big reason why our country has one of the lowest birth rates in the world, besides the factor of contraceptives.",0
18, Abortion should only be permitted if there is danger to the mother or the child.,0
19, It's taking away a life; it's not right.,0
20," Discrimination will only end once there is no talk of things like this. To help the minorities, especially in terms of race, we should focus on giving them equal opportunity rather than forced superiority. The focus should be on better education, as well as on stopping the crime rampant in minority-populated areas. Affirmative action only treats symptoms, not the problems themselves.",1
21, helps to ensure equality,1
22," The information in this article is inaccurate. Federal law makes it illegal to hire a less qualified person based solely on their race or gender, even if they are a ""disadvantaged minority."" Affirmative action means positive steps taken to increase the representation of women and minorities in areas of employment, education, and business from which they have been historically excluded. Many people support affirmative action. What people oppose is quotas (i.e. having a certain number of women, certain number of black). Economic status should be added and the focus should center on improving substandard schools.",1
23," Many minorities come from disadvantaged backgrounds, which means that they might not have the same access to opportunities as other people (e.g. less extra curriculars, a less impressive university). Consequently, these people might not have super impressive resumes. By helping these people, we are working towards equality of races.",1
24, Necessary for past discrimination of minorities,1
25," In a perfect society, policies like affirmative action would not be needed. But this isn't a perfect society, and we need to make amends where possible. Affirmative action is a policy to help those who have been or are chronically disenfranchised, and it is perfectly reasonable to help blacks, minorities, and women. In the words of Lyndon B. Johnson, ""You do not take a person who, for years, has been hobbled by chains and liberate him, bring him up to the starting line of a race and then say you are free to compete with all the others, and still just believe that you have been completely fair""</em>.",1
26," As long as employers are looking at candidates and it's 1 VS 1 all skills and qualifications equal, tie goes to the minority.",1
27," Let's get one thing clear, I firmly believe that someone should be hired based on merit. However, I also believe that people of any race, gender and sexuality should be given the opportunity to achieve the position in society they desire. The only reason I support this is because it is a weapon against capitalistic racism, sexism, and homophobia, issues still very much prevalent society.",1
28, Minorities need education too right?,1
29, Socioeconomic marginalization requires the programs if we are to get minorities on equal footing with the rest of society.,1
30, Color-blind admissions process is preferable.,1
31," It's counter productive for both sides. People don't trust Black People because they feel they received their education as a privilege and not for earning it. Also, companies end up forced into having to hire unqualified people. Ultimately you only carry on racism by continuing to base opinion, allowance, and privileges off race and gender rather than Merit and Personal Characteristics. You end up carrying on terrible stereotypes related to each race.",0
32, In order reduce racism and sexism in our society it goes against all reason for us to be favoring one group over another based on their race or gender. All this does is continue to drive a wedge between the various groups affected by this backwards way of thinking. As a young college student I have personally seen friends of mine of who felt they only got into our school because they are African American. Or only because they are Latino. I also have plenty of female friends who feel they only got their jobs because of their looks and not at all for their skills. In both these situations of discrimination it serves to devalue the people that the system is intending to help. People want to be accepted and appreciated based on their character and not by the color of their skin or by what is between their legs. It is time that we as a society move on from our racist and sexist past and forgetting about affirmative action is a step in the right direction.,0
33," why should it matter who I want to hire to my business? I am not harming myself or others in doing so... so I see no real point in having the government step in and say ""NO! YOU DON'T EMPLOY ENOUGH MINORITIES SO FIRE SOME PEOPLE- for a stupid reason- AND EMPLOY MINORITIES SO WE CAN FORCE DIVERSITY UPON YOU!""",0
34, Not of the racial kind. But I would support it on the socioeconomic level,0
35, Affirmative action does the opposite of its original purpose. It discriminates against the majority instead of the minority. Affirmative action has been necessary in the past however now discrimination is illegal once it gets to a certain point and this means that affirmative action is no longer as necessary and important as it once was.,0
36, It's racist. It should only be used when absolutely necessary (which is extremely rare).,0
37, Rascism has never been shown to have a positive impact on society and therefore I am anti-rascism.,0
38," Assuming that because someone is white that they are more privileged than their black counter part with out knowing their life story is making a preconceived notion. A white person can deal with poverty, abuse and diseases and have had a harder time in school due to life events than a middle or upper class or even poor black person. White people can face discrimination. My moms family who are Crimean tatars worked as slaves in nazi labor camps for 7 years. They didn't benefit from racism. They were victims of it. Compare them to a black person from Africa who has not been effected by Americas racist passed or any racism at all. I also have ancestors who fought in the civil war against slavery. Because America has white people whose ancestors fought against the oppression of blacks and white people who have not benefitted from racism and came to America only this decade and because we have black people who were not effected by slavery or jim Crowe affirmative action should not exist",0
39," How do we help America become more advanced and socially just and fair? By determining job positions or applications through race? Not only is this reverse discrimination, it demerits the selection process, which should be based more on merit and accomplishments instead of ethnicity. It is not a necessity after the prosecution of minorities, it is hypocrisy.",0
40, Very limited protections.,1
41, The,1
42," An animal is not a person, but is still a living breathing thing. Ultimately it depends on the right in question.",1
43, I'm all for animal rights however I do feel that animal testing is a necessary evil. Through animal rights we are able to regulate these tests. It is my opinion that the key to this issue is finding the right balance of animal rights to protect the species that share our planet whilst still allowing scientists to make progress in their research.,1
44," If humans want to live up to their moral expectations, it is imperative we treat animals with dignity and not inflict unnecessary suffering on them. Cruelty to animals violates standards of decency.",1
45," They are living, they feel pain, hence should have right.",1
46," This is relatively simple. Animal rights teaches us about how to live morally in society and without animal rights, it will ultimately result in people being less moral in society. Without this necessary morality we will effectively result in behaving the same way towards humans. Studies show that animals can and do feel emotion - especially pain.",1
47, I can argue both Pro or Con however I am pro animal rights.,1
48," Everything in the Kingdom Animalia is a living and feeling being, we have no right to violate that.",1
49, animals are not ours to abuse,1
50," I like animals as most people do, but people come first. I would be fine for some regulations to keep people accountable from abusing these animals, but medications need to be tested and we have to do that through animal testing so that we can save human lives. The only way animal testing can be replaced is by replacing it with human testing. I doubt there will be significant volunteers to put their lives on the line to see if these tests are safe.",1
51, Inferior animals don't deserve human rights. Ought we arrest people for stomping on a bug?,0
52," Clearly people don't understand what ""animal rights"" means. If you were for animal rights you would be supporting violent measures, such as the A.L.F. (Animal Liberation Front) to bring justice to animals plus you would be against owning animals as pets. 47% of Americans have a pet. Obviously, many of you are stretching the truth if you are supporting animal rights.",0
53," Humans do have more intelligence, but that doesn't mean animals don't deserve respect. Why test things on animals? Why not test things on humans? If humans are important, animals are just as important. THEY ARE LIVING THINGS TOO!",0
54, Animals don't deserve any rights it never mentioned that in the constitution.,0
55, We should treat animals like humans because they also have the right to live in this world like humans do. We also should respect and understand them. remember: God also made them together with humans to live in harmony in this world.,0
56, See abortion with substitution exchange and refund.,0
57, Look at this practically. Humans have the power. Animals do not. We may enjoy loving animals at times such as pets. But the fact is humans are at the top of the hierarchy.,0
58," I extend no rights to those who do not ask for it. I extend only normal compassion, and I encourage others to do so as well.",0
59," Nature clearly settles this debate. Would animals give you rights if they were snuggled up at the top of the food chain? Human civilization is essentially impossible if animals had any real ""rights"". As sentient beings we are obligated to care for and respect our friends in the animal kingdom but that's as far as it goes.",0
60," Obama seems to have done a great job, sad he can't get re-elected. The only thing I really have against him is his foreign policy.",1
61," overall, i agree with his policies",1
62," He's meeting most of my expectations. Some he's exceeding, and others engender my disappointment. I'd say on the whole he's still someone I can get behind, even with much of his idealism gone by.",1
63," Obama has done a very nice job at home with HealthCare, Jobs, Etc. But I feel like his position on Foreign policy could be improved.",1
64, His politics are a step -albeit a small one- in the right direction.,1
65, President Obama has done a much better job than McCain or Romney could have done.,1
66, Cool Pres.,1
67," He's an ok president, except he has not done nearly enough to stop the middle class from collapsing.",1
68," I'm no expert in US politics but Obama seems to be doing a satisfactory job. Nothing great, but as a non-American there could be far worse presidents.",1
69," Attempting to meet unrealistic expectations from everyone, Obama has done far more good than expected by many, including myself. Considering the colossal mess Bush left, Obama has managed to incite change. While he may not be a perfect president, he is far better than the last one and most certainly not the worst.",1
70, I,1
71, Worst president ever? No. But pretty bad.,0
72," Obama is not (in anyway) a decent man. He is a disgrace to Liberals and Progressives alike (as many conservatives use him as a source of assuming that all liberals and progressives are as disgusting as him) he is no better than bush. His drone strikes and interventions has done nothing but kill humans and fuel that horrible military complex. Obamacare was more like ""Insurance-care"" by forcing people to get insurance and guarantee big pharma and insurance companies that they have a customer base. ",0
73," Progressives are usually horrid presidents, and this is no exception. He's bypassed Congress, expanded the state in nefarious ways (i.e., Obamacare), and continues to lecture the country about how a rifle with a thirty-round magazine and a pistol grip is the real issue with this nation. I'm glad he's leaving office soon.",0
74," He has made our economy is worse, ObamaCare is a bad idea, and he is a president against the constitution.",0
75, Benghazi? Debt? Relations with other countries? And yet he still has his golf outings while my parents work hard? No sir.,0
76," Instead of actually changing things, he just talks about it. He has also lied to us, taken control of healthcare, spied on us, failed to end some of the wars in which we've been involved, supported the Trans-Pacific Partnership, restricted our gun rights, and violated the 10th Amendment. He should be impeached. (Although, if that happened, Joe Biden would become president, which would also be bad. But I still think that Obama should be impeached.)",0
77," Nobody can give a good reason to support him, except he's black",0
78," Barack Obama may yet be the worst president ever to reside in office. He has severely mismanaged the military and while he puts all his attention on the economy, all of his policies will only be detrimental to our economy, not beneficial. We are only going further debt, losing more American industry, losing GDP, and gaining unemployment. Then we create increased taxes and more welfare. Overall, we are going downhill and Obama is the one pushing America off the edge.",0
79, Nothing but a liar and a hypocrite !!!!,0
80," The laws of two nations require it be done for them to be upheld. If people could freely enter the US from Mexico, Mexico would be pretty mad.",1
81," A well regulated and maintained border fence will help prevent illegal immigration, and smuggling across the border to the united states. Although it will not completely stop these illegal activities, it will likely reduce them. This is only if the fence is well-maintained and paroled. Yes it seems xenophobic, but xenophobia is not common in the united states and we will still be welcoming (mostly) to immigrants as a fence may seem xenophobic, but our society is far from xenophobia. Isn't that WHAT ACTUALLY counts?",1
82," As a libertarian, I hold the maxim that governments are endowed upon men to protect natural rights consisting of life, liberty, and property. That said, protection of our borders is essential to this, so that sovereignty is clearly defined between states.",1
83," We need a wall to keep the illegal immigrants with bad intentions from coming into country. I'm all for immigration, but immigrants need to do it legally.",1
84, Illegal free zone here please.,1
85, im for making it harder to come illegally but im also for making it easier to come legally.,1
86," If it was to go to a vote in Congress, I would support it. Deportation is a much better option, for it worked previously in America during the administration of Hoover, Roosevelt, Truman and Eisenhower in which they opened more jobs for Americans, increasing the GDP, and saving more money compared to granting amnesty. But this is still a decent solution, just not my first choice.",1
87, It's logical and it will prevent illegal immigration.,1
88," Immigration is good, but we can't allow people to enter the country at random. We do need reform, though.",1
89," Put up auto turrets every 50 yards. Illegal immigration should not be a significant issue for any country, particularly not to the degree that it has become in America.",1
90," Boarder fences are nothing more than an expensive three dimensional object to placate a public opinion often fed by xenophobic politicians or from media hype that immigration takes jobs and bleed tax dollars from the public coffers. Fences do little to stem illegal immigration. People who wish to cross borders cut through, climb over or under them. For the few that are thrawted by a fence, they hire smugglers to get the job done. Fences do nothing more than offer a false sense of security.",1
91, Liberalize immigration policies instead.,0
92, As a legal immigrant to the United States I feel this plan is horribly flawed. Yes there is a problem with illegal immigration but it is my opinion that hiring more border patrol agents and better funding them is a logical solution. Also it would create more jobs in the process so that's an added bonus to the already more effective way of fixing the same problem.,0
93, Ineffective and too costly.,0
94," It wont do anything to help. It will be a waste of time and money for the USFG which should be being used on more pressing matters. It will stir up hatred between the US and Mexico and not only will people still continue to illegally immigrate over, this illegal immigration will be more drastic and disastrous.",0
95," If you want to stop illegal immigration so badly, just make legal immigration easier.",0
96, they are artificial barriers to seperate us from other humans,0
97," The border fence is very ineffective. It is also very high in cost, as we build the fence about hundreds or thousands of miles. The third reason, it is simply harming the environment. There is simply no reason to make the border fence, and that is very racist if we do because we are making a border fence just because of your race. *cough* *cough* *Donald Trump* *cough* *cough*",0
98," This will just cause money, and destroy the environment. There is no good reason for this.",0
99," Its a fence, they will dig under, go around, and go over.",0
100, Every man is entitled the right to build freely on what he has and compete against others.,1
101, Capitalism is far from ideal but I am yet to find a system that would do a better job when put into practice.,1
102, It seems to work. Although there definitely are some MAJOR bugs to be squashed before capitalism can be called the ultimate economic system.,1
103," I am for Capitalism, simply because of its ability to generate great amounts of wealth. However, I believe that we should also implement socialistic policies to reign in the excesses and guarantee a standard of living for all those who compete and engage in the capitalist system and to prevent the unnecessary wastes and losses that Capitalism often produces as well.",1
104," There are disadvantages to it and in some circumstances capitalism isn't the best approach. Capitalism generally works as a moral principle as well as an ideology. It teaches us that we need to work to get what we need to. It encourages hard working and determination. The major opponents of capitalism suggest communism as an alternative. Communism only gives the government power and money leaving the rest in poverty. The only benefit of communism (that I can see) is that it provides all with a free education). Other than that, capitalism should be used in most scenarios.",1
105, You should have to work to make a living.,1
106," By far the most efficient system right now. Its not perfect, but its works.",1
107," Capitalism, as an economic system, is required of any society calling themselves ""free."" I may not agree with every action taken by an enterprise, but freedom means ""with a lack of coercion"", and capitalism embodies that.",1
108, You earn what worked for.,1
109," Capitalism is necessary, at least to some extent. I'm not a proponent of all the ways it is utilized and I certainly don't think the balance is done right, particularly in the US, but yes, support its continued existence as an economic pillar on which we stand.",1
110, Depends,1
111," Capitalism is all about profit, which is not a good enough reason for some practices. Also, competition drives some businesses to close.",0
112," I am not against the existence of private industry, but the increasing level of deregulation in many developed countries (Especially in the US and the UK) is problematic.",0
113," good if regulated, but in free-market capitalism (the most widely used) the poor are exploited",0
114," The government has brought my country into trillions of dollars of dept through stupid decisions with the economy, the citizens should be in charge of their goods and economy without the government making it more difficult and not beneficial.",0
115, We are all on this Earth together.,0
116, Socialism more like it.,0
117, Look at my summary,0
118," Capitalism corrupts politics with cronyism, corrupts morals with greed, and corrupts the economy with monopolies. Stock investments are nothing but an enormous pyramid scheme. Only in a capitalist society are scientists and engineers looked down upon by professions that contribute nothing concrete to society but muddle it up, like managers and day-traders. It is now the days of open-source, the days of university research, the days of government grants. Capitalists have become zero-sum players, and it's sad people are still feeding into that system.",0
119, Capitalism is wrong. It functions on the exploitation of the working man.,0
120," I'm against Gay Marriage... But Civil Unions aren't marriage... Gay People can have a union, just not marriage because marriage is a Religious Institution. It is not up to the state to determine who may be married, as Separation of Church and State is two-way. Of course Civil Unions must be equal to Marriage first. DEBATE: http://www.debate.org/debates/Legallizing-Gay-Marriage-Nationally/1/",1
121, Preferably gay marriage but this works too.,1
122," not much on this, it's an alternative, but gays should have the full right to marry",1
123," I support domestic partnerships, sexual or not, to be granted certain benefits. However, I do not support government spending on such unions. I believe that recognizing these unions will strengthen relationships which is overall good for a healthy society.",1
124," I'm for gays being able to be together, but not through churches/synagogues. Also, I am not for there civil union between gays being called a marriage, but something else.",1
125," If this is about homosexuality, the answer is no.",1
126," Total marriage equality is definitely better than civil unions, but at least civil unions don't deny same-sex couples things like tax benefits while giving them to opposite-sex couples.",1
127," I do overall support it, but since gay marriage is legal there really is no need for it.",1
128, Better than nothing but we should let them get married for real.,1
129," This is kind of a confusing issue to have a stance on because while I think that civil unions have a purpose, I strongly advocate for the legalization of marriage for homosexual couples.",1
130," Brown v. Board of Education. ""Separate but equal"", as defined by Plessy v. Ferguson, is inherently unequal and unconstitutional.",1
131," The state should not be giving benefits to any couple, whether they be heterosexual or homosexual, so I am against civil unions in that sense.",0
132," Marriage is the only acceptable union between people. Also, Power of Attorney, Common Law Marriages and other benefits not exclusive to a recognized union make civil unions largely irrelevant.",0
133," To begin with, civil unions protect and validate a lifestyle that is both immoral and extremely unhealthy. There are various and important differences between the two sexes that we simply cannot ignore. A man should be with a woman, it's healthy and natural. A man and a man is not natural. A woman and a woman is not natural. Yes, homosexuality does occur in nature; however, there's more to the word ""natural"" than just ""it occurs in nature"".",0
134, I believe in marriage equality and the best solution that would end this whole debate and that would pleas both parties would be if government wasn't involved at all. Then the churches themselves could accept or refuse gay marriage.,0
135," Marriage is not a legitimate legal construct; it is a social construct. ""Civil union"" is just marriage with another name. It is a simplistic, all-or-nothing way of handling a wide range of legal issues from childrens' rights to taxation. Those issues should be dealt with separately.",0
136, We have gay marriage now.,0
137," While Civil Unions were once an answer to the cry for Gay Marriage, society now finds them to be ostracizing and discriminatory, a sentiment I very much agree with. We should not be banned from marriage!",0
138, Nah,0
139," never mind, I hate it",0
140, Only for murderers with no hope of rehabilitation.,1
141," The punishment must be slightly worse than the crime, or you make the crime worth committing. It's like buying a product. They want the product (their actions) but you need to make the product not worth the cost.",1
142," In a pragmatic sense, I support capital punishment. The alternative is life without parole, and I figure, ""If you're going to sentence someone to die in prison, why not get it over with?""",1
143," It is more humane, they don't need to suffer life in prison. People commit suicide in a much more painful hanging in this case",1
144, Some crimes are simply too heinous for a convict to pays with nothing less than their own life.,1
145," When the death penalty is legal no more, expect crime rates to go through the roof and be more sadistic than ever before.",1
146," Those whom commit meditated and unremourseful murder should face punishment of their actions, especially if they are repeat offenders.",1
147," Those who commit heinous crimes should potentially be put to death, but the evidence should be pinpoint (i.e., directly tying the offender to the crime.)",1
148," Depends on the crime. Murder? Yes. Non-murder? No. But in cases like the Ariel Castro case, life in prison.",1
149, It will help save the economy tons of money. It is entertaining watching the deaths too.,1
150," The average death case inmate spends over a decade waiting for the end. He/she is able to file unlimited number of appeals. These appeals must be funded by the government and are excessively costly, far more expensive than life time internment of the individual. The conditions in which death row inmates endure are physiologically inhuman and does not serve any purpose but to doubly punish.",1
151, Does not work. Does not decrease crime. Only give the police a bad name and wastes humans that can be rehabilitated or used as labor during their prison time. Its wasteful and ineffective.,0
152," The death penalty is expensive and is actually a way out for criminals. Assuming that the criminals have committed the crime, they either get a death that will take a few minutes at the maximum or a life in jail. In jail you will have no quality of life and will be forced to eat cheap food and work extremely hard every day for the rest of your life. Also, it is a well known fact that many people are killed and then found to be innocent shortly after the sentence. This is not acceptable.",0
153, This is inhumane and isn't even as bad as prison. Prison is a long punishment whereas the death penalty is a lot quicker in comparison. People who commit serious crimes don't deserve the easy way out.,0
154," Used to be Pro, but then I realized the data showed no significant decrease in crime. Only in extreme cases.",0
155, too many people are found innocent,0
156," The death penalty is a easy way out for criminals. If you are religious and believe in hell - then maybe you would support this because you would think the criminal would burn in hell. But a person like me, whom is not religious, feels that it is inhumane and hypocritical in ways.",0
157, no one deserves to die,0
158, Unnecessary.,0
159," Death Penalty is expensive, and it is not effective.",0
160," I do think that if the drugs will be legalised first of all the percent of consumers will rise because everybody will try them thinking that its are not illegaly anymore. Also, after a while i consider that the percent of the total amont of people will decrease because when you already have something you do not want it and you lost your interest. Drugs consumption has become more a trend than a necesity.",1
161, Along with regulations to minimize harmful drug abuse.,1
162, See,1
163, Marijuana has less problems then drug trafficking,1
164, Under very specific and detailed conditions do I find it an effective measure.,1
165, For recreational / medical marijuana only.,1
166," If people want to do drugs, and they break no laws while high, it's their choice.",1
167," for marijuana, sure. not meth/cocaine",1
168," Hardcore drugs such as: Cocaine, Krokodil, Meth etc. should not be legalized to the public because they are extremely dangerous. However, most other drugs should be legalized for people to have the freedom of choice. Ex: Marijuana should be legal because it cannot kill you, it is much more safe to use than alcohol which can kill you and ironically is illegal.",1
169, Only Marijuana past age 21,1
170," Drugs are a dangerous step for any nation. Drugs are what Europe used to destroy the mighty Chinese Dynasties. Drugs also have massive secondhand smoke effects, and costs society billions in taxes. Anything that is both dangerous and addictive at the same time shouldn't be legal. DEBATE: http://www.debate.org/debates/1st-DDO-Census-Debate-Drug-Legalization/1/",1
171, The war on drugs may not be very successful however the legalization of drugs is not the answer. I will provide an analogy to help. Murder is against the law. People still murder. Should we legalize murder? The answer is no. If we did legalize murder then it doesn't take a genius to realize that murder rates will significantly increase. Legalization wont help anyone except for helping drug addicts to die.,0
172, We shouldn't ban drugs.,0
173, It is bad for your health,0
174, just because the media makes it cool. Doesn't make it cool.,0
175," Drugs do not solve the problem, only the pain of the few.",0
176," Depends on the use of the drug. However, I do believe that everyone has a right to make their own decisions in life. Therefore, if they want to do drugs then who am I to stop them? However, there are impressionable young children who are unaware of the dangers.",0
177, The drugs that are illegal are absolutely useless to civilization.,0
178, No! Drugs are bad. We should support D.A.R.E. and stop all of these crazy libtards who want drugs. It's hurting our youth!,0
179," Laws are decided on what is best for the welfare of the society. Are drugs good for the welfare of society? No, they are not. Therefore it would be nonsensical to pass a law to allow them.",0
180," It gives a true vote to everyone, including small states like Utah and Washington. It has only went against popular vote once or twice in history. Although the setup needs fixed so that a 51% majority in one state means the person only get 51% of that college.",1
181," It gives everybody a proper right to vote and whilst the system may not be perfect, it is necessary for voting and its system.",1
182, ALL HAIL NEW HAMPSHIRE!,1
183, Polls and elections would be a lot more accurate if the states were not involved and every vote was pooled together into one big decision. It would make things much easier.,1
184," You can never have a perfect election process, and the Electoral College still works.",1
185," We need to keep our electoral college. Contrary to popular belief, the U.S. is not a democracy. It's a representative republic.",1
186, Screw democracy.,1
187," Yes, but the electors should be proportionately allocated.",1
188," The problem with the EC isn't its format, but rather that it has been corrupted by our government to function incorrectly. Ideally it provides a balance to the population dense states by allowing for the less populated areas to have a larger voice, and if it were allowed to function the way it was intended, that is with the electors being split as it does in two states currently, then it would work properly. ",1
189, I'm not worried about them unless they drastically change their views from what they represent.,1
190," The president is decided by an unknown group of people who ""represent"" them rather than the actual people. A stupid and wasteful system just begging to be abused. Countless loopholes and opportunities for intimidation and bribery if someone with allot of money knows who will be deciding the next president. The winner take all system does not even represent the people's decisions!",1
191," I say against simply because of the way the Electoral vote beats out the popular vote. If a popular vote doesn't count, then what's the point? It seems like a Federal establishment fail-save to me.",0
192," Puts an unfair shift of voting power into the hands of ""swing states""",0
193, why not just popular vote?,0
194," If Presidential elections are to represent the will of the people, then the vote must be a popular vote.",0
195," A bunch of small states like Wyoming, Colorado, Utah and blah blah blah can equal the same population as Illinois, but the small states together get more electoral votes? No.",0
196," Difficult for me to decide. I think an open system where we just tabulate votes is not reasonable, but at the same time, I think the electoral college being the final word just isn't working and results in the election of candidates who weren't supported by a majority. So if I had to decide, I'd say slightly against.",0
197," 3 times in the US, someone who didn't win the popular vote won the election because of the Electoral College. That's a 5% failure rate. We need to replace the Electoral College with an instant-runoff voting system.",0
198," While the idea is good, the people should have direct impact on the voting.",0
199," A disgusting way of voting considering that you could win a election with less than 50% of the vote. I know that we are not a total democracy, but this system is just.....",0
200," The Earth is a gift. While I do not believe we can destroy the Earth, we shouldn't make a mess of it. DEBATE: http://www.debate.org/debates/Overpopulation-The-Truth-In-Numbers./1/",1
201," Pollution are very real, very major problems that effect your nations health and well being. Unless you want your cities to be like Shanghai (where the air is so toxic that breathing it in is like smoking 22 cigarettes!) full of cancerous air, water, food, clothing etc... You should be for environmental protection. The free market sure as hell cant protect the environment.",1
202, Failure to protect the environment will most likely lead to *very* negative repercussions.,1
203, I'd rather it didn't have to be enforced.,1
204," I don't really see any negatives of this that are realistic. We need to protect our environment, it provides us with oxygen and presents material benefits for us. We can make things out of trees and plants. If we want to do this in the long term then environmental is the most sustainable and reasonable option available at the moment.",1
205," The environment is always part of our life. Without it, we would all be dead. Oxygen from trees and plants, food from certain trees and certain plants, water from water, medicine from plants. This has always been a part of our life. And it always will be.",1
206," Even without the argument for preserving it for our youth, environmental protection makes lots of economic sense. It reduces effects from pollution that are very costly, like asthma, it preserves our hunting grounds, and it guarantees that our renewable resources like trees are actually renewed. As well, reducing our dependence on oil and switching to renewable energy will have a whole host of benefits, from independence in foreign policy to cheaper energy.",1
207," We screwed up the Earth, the least we can do is try to fix it.",1
208," without the environment, there will be no trees to turn carbon dioxide into oxygen.",1
209," Should largely be on an Individual basis, but I support governmental influence in pushing citizens to do their duty in cleaning up the environment, in addition to some regulations. Especially in a Capitalistic society, companies can easily do serious harm to the environment for the sake of success.",1
210," Environmental regulations only serve to harm and burden business and individuals, no matter their intentions. Environmentalists have absurdly sought to put plants before civilization and people. Development of society must be protected and advanced. ",1
211," Private property owners, of course, should protect whatever they deem necessary, and be able to purchase such protection from the gummint, including lung protection.",0
212," I support protecting the environment, but I think we should put the economy first. Plus the EPA needs massive reform as it is overly corrupt and we need to define ""navigatable waters"" and ""wetlands.""",0
213," I'm strongly opposed to modern environmentalism, as exists mainly in the political left. Aside from bad policy, it is dominated by neo-luddites and anti-scientists - their lunacy goes far behind anything on the political right.",0
214," Environmental protection is unnecessary since any actual problem where individual parties can be identified is solved through a traditional judicial system. Environmentalism in general is anti-human as it only seeks to protect the ""intrinsic value"" of nature at the expense of man. Since man cannot live the same way as a bear or a gopher, and instead needs to change his environment to suit his needs, it is backwards to suggest that we should give up such things as supermarkets and freeways for the alleged value that nature has independent of man. The term ""environment"" means the surroundings of a certain person or object as it relates to that person or object. This means that man's environment's only purpose is to serve him. An environment cannot exist independently of a person or object for the same reason a property cannot exist independent of it's owner. Therefore, focusing on preserving nature at the expense of mankind is wrong.",0
215, The only protection we need is for the caliphate.,0
216, 'The planet is fine..the people are FUCKED',0
217, I'll be dead by the time any major effects take place.,0
218, I don't know I mean why should I care what has the environment ever done for me,0
219," To tell you the truth, after much thought about the whole global warming discussion; I believe environmental protection is mainly unnecessary. I say this because the weather always does something, but we still stand here alive today. If anything, environmental protection is the burden of costing the most money for supposedly a ""better cause"". Does global warming exist? Personally, no; its just a way for businesses to sell their products. Look at the electric car, that is expensive compared to a gas car. If we are truly worried about potential harm, why isn't businesses allowing the electric car to be affordable?",0
220, The person collecting the inherit should be excused from the tax if they invested a percent of their inherit (a percent equivalent to what they would pay in estate tax) in a small business or given it to charity.,1
221, great way to raise funds for new roads,1
222," Taxes should be levied on inheritance, as every tax is vital to the nation and the overall wellbeing of the people.",1
223, It doesn't seem unreasonable to me.,1
224," Sorry, but we have to have taxes",1
225," Currently it is only applied to people making over 4 million. Seriously? People making 1 million can't afford to part with a small, just tiny portion of that inheritance?",1
226," My main area of concern is not the economy, so I had to do a lot of research and thinking for the economic parts of these opinions.",1
227," This issue is mired in sentiment and is really not that different to taxing people when they are alive. Why should dead people have any more respect than living people? Besides, the government needs taxes from some place or another; there are a lot worse places than from one's inhertance.",1
228, This idea its a death tax is factually wrong.,1
229," This tax should be lessened, I would posit, but still extant.",1
230," The money belongs not to the people, but to the owner of that money. He may choose who to pass it on to. You can't just take it cause you want it or you don't like how he obtained that money... You can say that a tax should be applied to large sums, but the inheritance could be worth $10 billion, and every dime is still that person's to give to whom ever he so chooses. Redistribution is simply wrong.",1
231, Money belongs to the owner of the money. We are not communists that live in communist societies.,0
232, Individuals should not be taxed more because they own more land or have a larger house.,0
233, What do we live in Soviet Russia?,0
234, I hate taxes. Just like I hate tolls.,0
235, It makes no sense. A tax on dead people? Seriously?,0
236, It is their money earned by their family. Stop letting the government steal citizens' money.,0
237, *Oppressive Death tax,0
238," It's a tax... except in the case of the intestate, who did not transfer their property, and should not be assumed to have done so. If someone doesn't have a will, up for grabs.",0
239," Dead or alive, it's still their money.",0
240," Needs some reform. However, it is a great balance between confederation/total breakup and federation.",1
241," Mostly undecided, leaning towards Pro.",1
242," We (UK) need the European Union in order to thrive and keep on working. It keep all countries financially benefited properly and whilst people may be complaining about it now in UK, at some point we may need the aid of the EU and leaving it will do us no favors in the future.",1
243," I disagree with the unification of the currency of EU countries, but, aside from that, it's politically invaluable to world stability and the defense of Europe, and its benefits outweigh its problems.",1
244, teamwork and cooperation has helped europe,1
245," I'd say that, overall, it's done more good than harm for Europe.",1
246, A good group helps keep peace.,1
247," We should also have an American Union, but not NAFTA. We need to include free movement along with free trade. (Why should goods be free to move but not people?). And a common currency. Extending human rights, environmental protection agreements, and labor laws to all members of the union could help develop standards of living throughout the Western Hemisphere. When the United States declared the Monroe Doctrine we pledged our support for all peoples in this hemisphere. We should even let Cuba in.",1
248," It's generally good when people integrate and cooperate with each other. The EU isn't perfect and has done some retarded things, but some cooperation is better than none.",1
249, They are small enough countries that joining together seems like a good idea.,1
250," The European Union removes sovereignty from individual nations, and as such is not representative of European individuals.",1
251, Sounds too much like world order.,0
252," They provide universal health care, which I'm against.",0
253, I don't support a union of socialists and jobbery.,0
254," I don't like the idea of a ""one world government"". The E.U. was not a good idea.",0
255," I am pro cooperation but con EU. The European Union is a failed, non-democratic heap of bureaucracy.",0
256," Europe's bad, union's bad, hehehe.",0
257, It hurts the global economy.,0
258," I like some things about it (like the open borders policy they have), but the euro is acting as a defacto gold standard, constricting the money supply in countries that need an expanding money supply, leading to many economic woes (or expanding the money supply in countries that don't need it). I probably wouldn't abolish it, but it needs changes.",0
259, The EU is a failure! It is doing nothing but dragging the global economy down.,0
260, Dat,1
261," If you met a man suffering from pancreatic cancer and starving in your bed simply waiting painfully for your life to end... saying that man should ""die naturally"" because of a BOOK is as bad as saying ""he should suffer in the most ridiculous way possible.""",1
262, I am a libertarian - as my profile will tell you. I believe that the government have no right to intervene in death especially when it is such a private and personal matter to the person seeking euthanasia. The legalization of euthanasia will keep death a matter private to the family of the victim and I only believe in euthanasia in strict conditions. These conditions would be regarding the patient being terminally ill and suffering in order to be allowed to seek euthanasia or an assisted suicide. The patient must also be mentally capable of making an in form decision. Without this ability it opens up the potential irrationality in the decision.,1
263, If we have the right to live why do we not have the right to die? I am a libertarian and am very pro choice. Debate with me if you disagree!,1
264," in cases of pain or a terminal illness, why make them suffer any longer? But only do this with the consent of said patient",1
265, Legalize Euthanasia,1
266," If a person is rational enough to make that decision for themselves, so be it.",1
267," Absolutely. We do it for pets to grant them a mercy, we should be able to do it with humans. It should be highly regulated of course, but no less present.",1
268," I don't agree with it morally, but I believe in freedom of choice, so I think that it should be legal.",1
269," It should only be used for those in pain, where death is the better option.",1
270, No suicide on my watch.,1
271, ONLY if the patient is in extreme pain and asks for it.,0
272, Not without the consent of relatives,0
273," There is no right that allows you to kill yourself, nor is there a right to have someone else take it.",0
274," It is necessary to protect all human life, this includes the lives of people who are at risk by legalizing assisted suicide.",0
275, Everyone has the freedom of their own body. I believe that communities should present awareness for suicide and what it could mean. They should make sure that everyone understands what death would mean and how much they would be losing. However after that i think that suicide is completely acceptable. Conversely euthanasia should not be legal for practical reasons. Legalising it would mean that a window of opportunity had opened for murderers and serial killers. They could kill someone and use the excuse 'they told me to' which would be fine because euthanasia is legal. Making sure the person wanting to die wrote some sort of note would be superfluous as they are easily forged.,0
276," Kill yourself if you want, but legally sanctioned killing is way too slippery a slope. Just look at warfare if you don't believe me.",0
277," Assisted suicide is not the answer, just as much as suicide is not the answer. ",0
278, You legalize Euthanasia then you give the gov. the right to kill the sick and elderly.,0
279," I am opposed to both voluntary and involuntary euthanasia. If someone wants to kill himself I guess I can't really stop him, but it should always be a crime to kill unless it is self-defense. There's a slippery slope between allowing assisted suicide and sanctioning 'mercy killing'.",0
280, Of course the federal reserve has its problems and I completely agree that these are unacceptable and I would be con this if it wasn't for the fact that we have no alternative and this is an argument that is frequently brought up and there is never really a sufficient response to this. People against the federal reserve insist and continue to highlight its negatives whilst avoiding reality.,1
281, helps regulate the economy,1
282," Arguments against the Fed are more than reasonable. The issue I have is that there seems to be no good alternative that anyone's suggesting, at least not in my view.",1
283," The government has many ways of stabilizing the economy when capitalists and consumers lead it awry. The Federal Reserve, which regulates bank interest directly, is one of the relatively ingenious ones.",1
284, Duh?,1
285," If it is well maintained, yes",1
286, Organization is key.,1
287, The Federal Reserve is very good at their policies and has kept inflation at a managable pace at only 1-3%. Passage of the Audit the Fed Bill would make it less reliable.,1
288," I cannot grasp how any rational, thinking person could oppose the Fed. Bogus conspiracy theories aside, the Fed is the engine of demand-side growth in the U.S. Monetary expansion is costless, easy to initiate and reverse, builds upon itself in the sense that good policy begets credibility which begets good policy, and is the most efficient way to stabilize nominal variables. Further, monetary policy offsets fiscal policy, obviating the need for stimulus spending as a means to an end rather than end in itself.",1
289," Did a research paper on this. Not going to get into it on here, but the idea of ridding a central bank is stupid, and a fringe economics idea.",1
290, There is boatloads of solid proof out there that the federal reserve (and the pigs that run it) is contributing to the government's quest for power AND getting us in debt at the same time. They are an elite of private BUSINESSMEN who could not care less how poor their policies made you. The world and the population of North America would be much happier if this unsustainable corporation got shut down. Plus it would add some stability (possibly) to the monetary system as well.,1
291, Violates Article 1 section 8 sentence 5 of the constitution.,0
292, Very corrupt.,0
293," They force the citizens of the United States to use its money, which is absurd. We need a smaller government, so that's why I think that the Federal Reserve should be abolished.",0
294, End the Fed.,0
295, Fiat bad.,0
296," Over history, governments have shown an extraordinary ability to waste money and apply loosing economic policies. As a believer in limited government, I can't support placing that much power and responsibility solely under Federal authority",0
297, It has caused to much corruption to stay around.,0
298, The occupy Wall Street people are so stupid about this. The Fed us what caused the financial loopholes that the bankers took advantage of.,0
299, Is a parasite on humanity.,0
300," I believe in a Flat Tax system. Progressive Taxes are the opposite of equality. At 15% tax, everyone pays an equal percent, while the rich still pays more. It's equally progressive... Rich pay more but equally. Unfortunately, the US is too dependent on the extra revenue that we can't switch over in a reasonable fashion. And YES, deductions can exist with a Flat Tax.",1
301," I cannot stress this issue enough. People work had to earn their money. No matter rich, poor, or middle class, everyone should receive the same amount of tax from the government at the same level. If a person is rich, they do not deserve to be taxed more densely and stripped of their hard earned cash.",1
302, Flat tax is fair and would solve many financial problems. Treating someone differently just because of their financial status is discriminative. You would think those people against discrimination would be for something fair like this.,1
303, A flat tax would be more desirable due to the fairness of the policy. No one individual would have to pay a higher percentage of income than another because of arbitrary lines drawn by bureaucrats.,1
304," Flat Tax, not progressive.",1
305," Sure, it would be better to just abolish the income tax all together and increase the sales tax to make up for it, but a flat tax is much fairer than a progressive tax. A flat tax isn't where everybody pays the same amount, it's where everyone pays the same rate (that is, X% of their income). The lower-class pay X% of what they make, the middle-class pay X% of what they make, and the upper-class pay X% of what they make.",1
306, Only because it could lead to fair tax.,1
307, 11% tax rate for all.,1
308, Everybody should be taxed at the same percentage fair tax system.,1
309, Progressive tax is better for the economy but flat tax does promote equality.,1
310, Many charities receive their revenue from wealthy citizens who receive tax breaks for giving away to charities. Even a low flat tax makes it harder for the poor to scrape by while it makes the rich very wealthy. Tax incentives are effective and allow many charities to survive while allowing the government to encourage investment and technology while not getting completely involved via communist-style ownership. ,1
311, It makes little sense that someone making millions pay the same taxes as those barely getting by. It's ineffective.,0
312," I find the system unfair to the poor and a progressive tax is a much better alternative if you look at it from a subjective viewpoint as well as objective. The rich may complain however if they were in the position that the poor are in, I doubt that they would advocate a flat tax.",0
313," Taxation fairness means distributing the burden among all tax payers fairly. Communism, on the one hand, unfairly burdens the wealthy. On the opposite end of the spectrum, a flat tax unfairly burdens the poor, as they cannot afford a higher tax rate to compensate for the loss of revenue from the rich.",0
314, would end up hurting low income families,0
315, People with more money should have to get taxed more.,0
316," Much as it's supposed to be ""flat,"" it really places more of the tax burden on those who can least afford it.",0
317," The flat tax system is a horrible system overall. Lets say you had 40,000 dollars lets tax 10% of that.... 4,000 dollars gone... Now lets look at a billionaire.... You tax 10% of their wealth you get 100,000 million dollars.... You can use math to figure this out.... Not to mention in a flat tax system the rich are taxed less! ON TOP of the loopholes that they find. The 6 wealth brackets we have know is working fine... But we need to close loopholes in any tax system. Also the economists say that this will ruin our economy! Its true look at the countries who have used flat tax in the past.",0
318, Taxes are bad mmkay?,0
319," A millionaire does not need ""X%"" of their income as much as someone making $30,000 does and taking it away does not effect them just as much. To promote growth and create jobs we should offer tax cuts per American job created with more tax cuts going to smaller businesses that create jobs than larger, wealthier businesses.",0
320, Voluntary ,1
321," To an intent. To much freedom is bad, but too many rules is even worse. Besides, if I don't want to be fair, than I don't have to be. Don't like me? Don't buy my stuff.",1
322, You've got to look at the alternatives on both sides of the debate. With too much freedom society fails but with too many rules you essentially create a dictatorship which will create failure in society to a much greater extent than the offer of freedom presents.,1
323," I am not exactly Libertarian... but since I have operating eyes, I can see that the government has clearly failed to successfully handle our economy in a proper manner. I feel that the citizens of our nation, who this is for at the end of the day should have control of it. Maybe then we would not be in as much debt.",1
324," I am a fan of free trade, as capitalism should have as little barriers to cross over as possible.",1
325," To a certain extent, things like the ""pure food and drug act"", or the ""Sherman antitrust act"", or a lot of things are really necessary.",1
326, Yes. Part of capitalism. A free market should be allowed.,1
327," Depends on what you define as free trade. I think that the most basic definition is perfectly acceptable, but free trade cannot and should not be completely free. Still, if we're talking about leaning towards free or regulated, free is the better end to lean towards.",1
328, Why not let people do it?,1
329," Free trade is the only way Capitalism reigns supreme. Free trade prevents monopolies and promotes economic growth and prosperity. It is not a 0 sum game; the earning amount is infinite. People often worry about resources, but obviously don't know the definition of economics.",1
330," There needs to be SOME tax on imported goods to help discourage sweatshops and create more manufacturing industry. We cant have all these jobs fly out the window to China. Plus it does make products cheaper, but also encourages things like sweatshops. An imported goods tax would help us return to a more diverse economy. A more self-sufficient one. One not reliant on greedy foreign nations practically enslaving their people *cough* China *cough* to make all our goods. It makes us slaves too. You think the Fathers would approve of us letting some authoritarian superpower practically make all our stuff? ",1
331, Equality is not always equitable. Freedom is not always just. I believe that applies in this case scenario.,0
332," Not completely free trade, no, but mostly free trade, yes",0
333," We should not tie our hands. The US should reserve the right to set trade policy according to its own interests and sign temporary reciprocal treaties with other nations regarding trade (no/lower tariffs here, no/lower tariffs there). Quotas should not be used because in economics the deadweight loss is far greater than with tariffs and you don't get any revenue from applying quotas. Tariffs should only be used.",0
334," Not completely unrestricted, horrible working conditions need to be stopped.",0
335, Need proof?,0
336," It is good in some cases, however not all. There is a need for closed trade.",0
337, The last 3 free trade deals shipped U.S. jobs oversea.,0
338, I'm against the Free Trade as they call it. It just amounts to cheap inferior products being brought to our country and it puts our people out of work.,0
339," As much as I love economic freedom, the government trade policy of ""free trade"" is flawed. It allows for increased corruption from foreign business corporations and thus increases the power of the Corporatocracy. Protectionism allows for a nation to rely on itself, rather than foreign investors and thus will increase the economic power and stability of the nation. It will also prevent the issue of businesses moving to other countries because of cheaper labor and tax rates, which can obviously harm the economy.",0
340, Government,1
341," Why should it matter who decides to marry who? Who else other than some obsessive, authoritarian, religious person would even care? ",1
342, More reasons that can appear here. It's consensual love between adults.,1
343, Being gay can be objectively proven as a good thing. Here is just a bit of the evidence. The reason that being gay hasn't been removed via evolution is because it is scientifically proven that men need bonds and especially in the army men need to be close. This is one of the many advantages of being gay. Another reason that is more subjective and relies on morality is the principle of morality. Why is it okay for some to marry and not other just because of our stereotypes and subjective beliefs?,1
344," Some people are born homosexual, they have as much right to marriage as heterosexuals do.",1
345," Anyone against LGBTQ rights I automatically despise. Put the fake Bible down and look into reality - you cannot pick and choose what to support and not support in the Bible. If you do not support Gay Marriage then fine... but do not shave, divorce, or eat shrimp then, cause you are going against the Bible. Stop being closed minded on something that does not affect you if you are straight.",1
346," It is stated in the Human Rights that everyone has the right to marriage. It does not say, ""Right to Marriage as long as you are not gay'. I fully support gay marriage.",1
347, Right of choice.,1
348, Basic human rights are amazing. This is a basic human right.,1
349," Equal rights, simple as that.",1
350, Marriage is an establishment of the Church. Respect the Church's establishment and stay out of their business. Separation of Church and State is a two-way system. DEBATE: http://www.debate.org/debates/Legallizing-Gay-Marriage-Nationally/1/,1
351, Because reasons.,0
352," Ideally, marriage is an institution that is given government benefits in order to incentivize a man and woman to enter into a permanent relationship which may result in children to be raised in a stable home and be loved and cared for by their mother and father. Family units of this sort are essential for the well being of the future of society. Gay marriage weakens this view of marriage and changes marriage to be about consensual relationships with no connection to the family unit.",0
353," I am for homosexual matrimony only so far as that the state acknowledge their relationship. The state, other than that, should stay out of marriage. Thus, marriage should be a religious decision rather than a legal one.",0
354," start using your brains and don't just listen to the liberal television OK? A little common sense goes a long way. So, here is the various bible verses about homosexuality;",0
355, Children need a mother AND a father. According to the bible marriage is between a man and a woman. It it not natural and should be banned. All gay individuals should be punished by imprisonment or death.,0
356, The human body is all the evidence I need to know men should be with women.,0
357, Gay marriage is a violation of natural laws at its climax,0
358," Marriage is an institution that is regulated in order to protect intrinsic procreation in the way the State envisions. Seeing as homosexuals are unable to reproduce in this sense, they do not meet the necessary criteria to enter into a marital union, and should be disallowed.",0
359, Marriage is a religious institution. The government should respect that. They should also respect the fact that it is unnatural for a man to be with a man or a woman to be with a woman. Our anatomy proves this.,0
360," The scientific community has presented evidence that is rather decisive in confirming the threat of climate change. It's pretty much fact, and if you don't accept that, you either haven't read enough about it, or you're just plain ignorant.",1
361, Climate Change would be a more accurate term.,1
362, This planet has been evoling since it became a planet and it is going to keep on no matter what we do.Yes we have contributed to the effect by our technology.,1
363, There's more than enough evidence to prove not only the existence of global warming but human involvement in it as well.,1
364, I assume that this is in relation to man being the cause of global warming and in this instance the decisions is self explanatory. There is insurmountable evidence proving that man is a huge contributing factor to global warming and the negative case is a difficult one to argue.,1
365, There is staggering evidence of it if you look into the topic a little bit.,1
366, Why is it warming then?,1
367, Why is earth hotter then?,1
368, There's definite evidence that climate change is occurring. Is it mostly the responsibility of mankind? That can be debated.,1
369, On course it exists.,1
370," It exists, but it's not Man-Made. DEBATE: http://www.debate.org/debates/Man-Made-global-warming-exists-and-poses-a-serious-threat-to-humanity./2/",1
371," I am more of a believer of climate change, not global warming.",0
372, I believe it's a myth. Some areas of the world have had record cold temperatures this year. Even if global warming is man-made it would be a very tiny fraction compared to what the sun can do to warm the earth.,0
373," Why is the earth cooling now? Climate change exists, not global warming. That was disproved a while ago.",0
374," I do agree, the Earth has been heating up a little lately. However, this mainly comes from natural causes and not anthropomorphic ones.",0
375, Nope! There is no significant man-made global warming. Watch John Coleman's video: https://www.youtube.com/watch?v=K56fms2VZTc,0
376," I assumed the question meant ""Human caused Global Warming Exists""",0
377, Global warming exist no more than global cooling.,0
378, It's climate change..... It ain't man-made.,0
379," At the very least, the threat of global warming has been greatly exaggerated. Each warning of impending death has come and gone without incident. I oppose draconian measures like cap and trade or carbon taxes - the affluent urbanites who propose them will face little harm, but rural and poorer people would be hit absurdly hard. We are seeing evidence of this in the California drought, where left-wing bureaucrats have placed minnows over the livelihood of immigrant farmers. Moreover, I'm not even convinced they would have little real effect, as China and India are getting worse and worse in regards to pollution.",0
380," With the right regulations, Globalization can provide new opportunities. With the right laws and international teamwork, many can benefit.",1
381, Only if it is responsible. Globalization prevents wars and helps provide opportunities for businesses and people. Only globalization is currently favoring the rich more than the people contrary to popular belief.,1
382, I'm somewhat neutral though more leaning to Pro.,1
383, The problems that globalization once caused are no longer a threat anymore. Many of the major companies have been boycotted due to sentencing workers in less fortunate countries to poor conditions and low wages. This isn't an issue on a large scale with any of the large companies. I don't know what I'd do without the exportation of food and products into the UK. It's difficult to imagine and not something that I want to do.,1
384, We're better off globalized than isolated.,1
385," Not allowing globalization just forces cultures to be separated. Having a melting pot of different cultures is a good thing, because it allows for diversity. How could anyone object to this?",1
386," It's beneficial, but if nation states don't which to participate in a global market, they should not need to.",1
387, See capitalism.,1
388, The wave of the future. Can't be rolled back.,1
389, Unity = Peace,1
390," Globalization is the same as a NWO. Not to mention, the one size fits all theory never held any water... ever.",1
391," No, trade should remain in our own country this is the cause of our issues.",0
392, Only benefits the rich.,0
393," Good idea, but an impossibility without mass genocide. People are simply too diverse and different.",0
394," Aside from the negative things said above, globalization has a negative effect on Filipinos. Filipinos can speak English well, but some forget our own language. They choose English instead because for them, English is like a sign of modernization and globalization. Instead of teaching their children how to speak Filipino, they teach them English. Some Filipino kids don't speak in Filipino, even in the provinces, where, suppose to be, people can speak their national language and regional language. As someone who loves Filipino language, I believe that modernization brings bad ffects",0
395, I don't believe in fairy tales.,0
396, sign of the end times,0
397," Although it seems that it will lead to greater co-existence of man, it will lead to many geographical disputes which will be difficult to resolve.",0
398, Small buisness needs to be part of america. Globilization takes the pride of America away.,0
399," If it means outsourcing jobs and little to no labor laws, no . When it comes to the internet, communications, travelers, diversity, yes.",0
400," I am for it if we were to own most of the gold in the world, but we don't.",1
401, Article 1 Section 8 Clause 5 of the constitution;,1
402," Why not? It's also guaranteed by Article I Section VIII Clause V of the Constitution: ""Congress shall have the power; to coin money, regulate the value thereof, and of foreign coin, fix the standard weights and measures."" That clause supports the government giving gold to US citizens in exchange for money.",1
403, A world standard would be useful if it could actually be implemented.,1
404," Anything to bring back the conservative boom of the 1950's, which, the gold standard played a massive part in.",1
405," I don't particularly care whether it's gold, so much as that there's a standard. Something real, lasting, and with luxury rather than mere utility value so it's capable of indefinitely sustaining some demand as a currency no matter how much general p",1
406, Backed by something is better than backed by nothing.,1
407, I'll take the Gold standard over the Obama/Bernanki standard any day of the week.,1
408, It is fine just the way it is.,1
409," If there's not enough gold for every dollar, then, well... we have a problem Mr.Nixon, it's called ""milk is $5.00 now"".",1
410, Too much money. Not enough valuable materials to back it up. Those who think that's fine know nothing about economics.,1
411, This is possibly the most ridiculous issue of the big issues. We stopped mining gold ages ago and with the gold standard you are allowing China (the biggest source of gold) to control trade as we know it.,0
412," Where are we going to get all of the gold? We stopped gold mining long ago and if we really did do this then who would run it all? China, the world's biggest source of gold.",0
413," it's unrealistic, we don't have that much of a finite resource",0
414, There was a reason this standard was abandoned in the 1930's. It is not accurate - you cannot be 100% with lab tests and experiments the quantity of gold in an object to purchase - it is not fair to the buyer or seller who will not make / be charged the money they should be.,0
415," We should be backed up by meth standard instead, far more efficient.",0
416," So many problems with this. The fact that we don't have enough gold to cover even the majority of the money we have out now makes this an instant bank breaker. We'd have to deflate money so heavily that people would lose their life savings overnight. Beyond that, since we don't mine gold anymore, we wouldn't have any control over the price. That would be China, the world's leading gold mining country.",0
417, Gold is simply not going to work you are going to have a limited supply,0
418," Some countries back their money up with gold or land or sea shells, while some others simply use money as a unwritten agreement to enhance efficiency in trade. While both do work, money ultimately needs to be backed up by more than unwritten understanding, such as a stable government. Fiat money is never just fiat money. I don't understand why a useless metal like gold would be used though. Even if it is backed up, it's still pointless, because money requires law to keep sound. International standards should be backed up by CPI aka making it so people can't make money by messing with currency. Money should be backed up by a just and stable governing body.",0
419, There is not enough money in gold to transfer to gold.,0
420," fertilizer bombs, pressure cooker bombs etc, the problem is society no longer values life and other's property. Until people wake up and choose to do something about violence and mental health it will get worse and certainly won't get better. Trying to make change with laws obviously doesn't work, never has, never will, it needs to be social change. Let's bring back and promote morals and respect. That's how you fight violence.",1
421, Voluntary,1
422," The 2nd Amendment is vital to sustain security. The Amendment includes an oddly placed comma that indicates it was a list, with ""Right to bear arms"" being separate of the Militia clause.",1
423," Banning firearms in the United States (whether it would be beneficial or not) would be like banning small businesses (maybe not the best comparison but you know what I mean) too many people love them and they are way to abundant to properly enforce such drastic policies. Even many people in the Northern States would oppose banning firearms. Allowing firearms is one of those policies that once implemented, will never likely be changed. Its too late to propose such an act. We are stuck with alternate methods of preventing crime instead of banning guns.",1
424," But, for God's sake, put reasonable restrictions on who can access them, and what type of guns can be accessed.",1
425, Law abiding citizens should not be punished for currents laws not being enforced.,1
426," A law-abiding individual should be able to purchase a firearm if they so choose. Restrictions of this right is a violation of the 2nd Amendment of the United States Constitution, and our natural right to self-defense (i.e., the protection of life and property.) I am an advocate for repealing certain provisions in the National Firearms Act as a result.",1
427, Bad guys don't follow the law. Don't take the guns away from citizens that do.,1
428," Second amendment pal, no automatics though.",1
429, 2nd amendment protects the right to own guns.,1
430," I'm okay with private gun ownership, but the whole concept of ""gun rights"" has proven to be an enormous impediment to implementing proper gun control measures.",1
431," Guns result in high accident, homicide and suicide rates. The percentages of gun being used for self defense in America is extremely low - significantly below 20% of gun users. The argument that guns are used for self defense is poor because it is rarely used properly for self defense. In some of the instances when people try and use guns for self defense they end up killing a loved one or friend accidentally. There is evidence and statistics to back up this claim.",0
432," No offense but I can't actually understand why people are pro gun rights. Yes, I understand that it is part of your culture and you are brought up in a certain way so it is understandable but all you need to do is make a comparison to the UK to know that there has to be a factor that is making crime rates shockingly lower in the UK. Statistics show that an extremely low percentage of people use their guns for self defense and those that attempt to are the people that make US gun accidental statistics so high. People sometimes kill members of their own family!",0
433," If everyone has a gun, there'll be a lot more violence.",0
434," If you have a gun, it should only be used in self defense.",0
435," Guns should not be owned by the citizenry, only those who have received proper training and are of the right mind to control such a weapon should be allowed to use one.",0
436," You have the right to protect yourself. The thing with guns its not the gun the person. But of course I support the backround checks, and other things.",0
437," I agree with the popular saying: ""Guns don't make people kill - society does"". But they sure do provide a means to kill people.",0
438, Not sure how far I'd go with this one but legal assault rifles for civilians is ridiculous.,0
439," From an American perspective, I'm not really anti-gun, but I believe in significantly more restrictions than what the United States currently has.",0
440," While I don't hate Public Schools, Home schooling can be a valuable way to rebuild the structure of family. Besides, nothing scares me more than the Government having a monopoly on education.",1
441," Homeschooling is one of those issues that don't really matter, and would be a waste to enforce. It would be an unnecessary extension of government and money/time wasted. It would be a waste to enforce such a policy.",1
442, Public schooling is not always bad.,1
443, no bullying. Better relationship with parents,1
444," I would not prefer it, but not ban it.",1
445, Parents have the right to homeschool their children.,1
446," It depends really, on your child and your position, if you can then it's better to do so, some people say it's bad for social skills but your kids Wil learn a lot better social skills from you than other kids their age considering knowledgebase kids are in America today, Amber good in elementary but in middle and high school it's worse for them.",1
447," Homeschooling is much better. Less bullying, same education, and kids can still be social.",1
448," For those who can do it and are going to put in the time to ensure that their child gets a good education, by all means. For those who are not going to do that, you're harming your kid's chances at a decent life.",1
449," I believe that parents should have the right to homeschool their child. In some situations, homeschooling is the best option. In others, it's not the best option. It all depends on the circumstances.",1
450, Should it be allowed? Yes. Should it be encouraged? Probably not.,1
451," The whole point of school is to teach children what there parents can't teach them. Up to primary school this is alright but once children reach 12 they need an education in a huge amount of subjects such as religion, philosophy, music, drama, IT, computing, English, Maths, Biology, Chemistry, Physics and a language. Can a single parent teach all of this and more?",0
452, I am split:,0
453, Greatly causes students to lose or not learn social skills.,0
454, Home schooling is often used by parents whose views are extreme and they wish to brain wash their children. The separation from rational thought is essential to do this. If states schools are unsatisfactory then we all have a duty to help improve them.,0
455, You don't really develop social skills with homeschooling.,0
456," My position is the key words for this question. If I was home schooled I'd be great at playing pokies. A drunk and have no friends. I would however have great grades. A . Like if I took out the bins and cleaned up a little. That's a A right there . Ride to the shops to get bread , milk , smokes there's another A. That's if my teacher did not wag school. And my 1st kiss that I had under the mango tree at 3 pm. Might of been different . And I would have to ask my sister if she would like to go to the end of school formal.",0
457," Should be legal, but I'm uncomfortable with it.",0
458, dont really care,0
459, Home schooling suffocates a child's social progression. The child will not know how to approach the world socially if the don't have interaction with other humans that are not there immediate family. Social skills are extremely important in obtaining and maintaining a career,0
460," Freedom is good and important, but like all things, nothing should be TOO free.",1
461, Can stop ISIS becoming more powerful,1
462," The internet, though originally conceived as a place of meeting and freedom, has since become a breeding ground for crime and unlawful behaviour. IF the law is to keep up with crime and to further ensure the safety of the people, the internet must be monitored and some information must be censored. Primarily, those that spread and detail crime.",1
463, It is a very weird topic.,1
464," I support banning pornography for the betterment of society and enforcing anti-piracy bills because of the way piracy cripples businesses. However, I do not support the government, in any instance whatsoever, censoring things it doesn't like or any U.N. Internet Treaty/Internet Tax. The internet deserves to be tax free, censorship free and essentially free; however, that shouldn't stop stop us from taking common sense measures to assure that the internet is a safe and legal place.",1
465, We need to censor things such as pornography and other graphic materials.,1
466," Censorship by parents, not by government entities.",1
467, Ban all pornography. ALL pornography.,1
468," Only to censor child porn, and U18 filters to stop children viewing porn.",1
469," But not in the traditional sense as others would argue for. The internet has become a grounds for trolls, unintelligent discussion, and cancerous comment sections. However, what should NOT be censored are viewpoints and opinions on matters that comply with community standards. Things just as child porn, hate speech, being incoherent and disruptive, and other content that does not belong where it should go deserve to be censored and overseen. Even sites like Liveleak and BestGore have their places, but there are appropriate places and times for everything, and this seems to be abused faster than others can respond to it.",1
470," The internet is an international resource, so should remain objective and uncensored. With the exception of child pornography.",1
471, Freedom of information,0
472," A very unsuccessful move. There are many ways to bypass this, therefore rendering ineffective. As a libertarian this is also a violation of my beliefs in a smaller less powerful and controlling government.",0
473," Censorship is, to quote a prominent anti-censorship group, ""the assassination of an idea"".",0
474," No matter how dirty, disgusting, gruesome, or disturbing etc. something can be when viewed. The truth should never be hidden. Don't scare a kid to death with murder photos though - there should be warnings when discretion should be advised when viewing that content.",0
475, Why would this even be considered an issue to politicians.,0
476," Terrorists, pedophiles, and other nefarious individuals may use the internet to distribute their filth, but the state should not be censoring parts of the web via a state-managed firewall. The state should follow due process if they wish to take down certain websites.",0
477, Internet censorship would go against the 1st Amendment of the United States Constitution; Freedom of Speech.,0
478, Fourth amendment.,0
479, We should know what the government is doing. And pornography free zone too.,0
